precision,model_id,macro_recall,macro_lo,macro_hi,gastrotheca_recall,oreobates_recall,gastrotheca_test_precision,oreobates_test_precision,d_vs_selected,d_lo,d_hi,no_cutoff
0.8,mlp256-ord0.5-s2-bl8k/lme,0.7889536166644601,0.7414959298256517,0.827298710121924,0.758974358974359,0.8189328743545611,0.7964124275334674,0.7849632631372666,0.003589984312875938,-0.009300993371035238,0.016490977723367044,0
0.8,mlp256-ord0.5-s2/lme,0.7853636323515841,0.7353830441493638,0.8242677818390439,0.7473193473193473,0.8234079173838209,0.7978918575697704,0.7316074683911923,0.0,0.0,0.0,0
0.8,mlp256-ord0.5-s2-tr44k/lme,0.7132293409401843,0.65237945976963,0.7645449701198361,0.6932400932400933,0.7332185886402753,0.7678758604335233,0.7737904796261235,-0.07213429141139982,-0.10027053953450599,-0.04620816891739632,0
0.8,mlp256-ord0.5-s2-tr44k-bl8k/lme,0.7101950258576766,0.6528131519641912,0.7593292404918172,0.6792540792540793,0.7411359724612737,0.7903492006429439,0.7872235462886922,-0.07516860649390755,-0.10291956484625187,-0.05073841769331902,0
0.8,mlp256-ord0.5-s2-tr8k-bl8k/lme,0.6516985023009119,0.5964441373260112,0.7023373932602759,0.6452214452214452,0.6581755593803786,0.7453533059240993,0.7665734095065135,-0.13366513005067227,-0.16839257872581406,-0.10279507494415997,0
0.8,mlp256-ord0.5-s2-tr8k/lme,0.6113204065011294,0.5559388808044835,0.6666582912219674,0.6023310023310023,0.6203098106712565,0.7677022395810853,0.7591151867289154,-0.17404322585045473,-0.21996358770656185,-0.13235214924411492,0
0.9,mlp256-ord0.5-s2/lme,0.6249421261469454,0.5608283538778278,0.6791670715555387,0.5906759906759907,0.6592082616179001,0.8848082939140438,0.8439337355259926,0.0,0.0,0.0,0
0.9,mlp256-ord0.5-s2-bl8k/lme,0.6220173400896292,0.562163850820327,0.6728644465906046,0.6130536130536131,0.6309810671256454,0.8791562593658047,0.857176319047747,-0.0029247860573162754,-0.023508640357115036,0.018656636191090967,0
0.9,mlp256-ord0.5-s2-tr44k-bl8k/lme,0.520617133870146,0.4469489077821585,0.584999552799127,0.4470862470862471,0.5941480206540447,0.8794734697890274,0.8842032054734006,-0.10432499227679948,-0.1457639850773485,-0.06643841619742225,0
0.9,mlp256-ord0.5-s2-tr8k-bl8k/lme,0.4873508018086331,0.4302618723927471,0.5384262455203828,0.4927738927738927,0.48192771084337344,0.8520869262518879,0.8432878667153398,-0.13759132433831234,-0.1770716550662097,-0.09507083646982917,1
0.9,mlp256-ord0.5-s2-tr44k/lme,0.4770097372507011,0.40471975536362653,0.5472970971495554,0.365034965034965,0.5889845094664372,0.8606310747136735,0.8667453257807882,-0.14793238889624433,-0.21451003295006135,-0.08191961418924068,0
0.9,mlp256-ord0.5-s2-tr8k/lme,0.45502288875782854,0.3903968926412145,0.5180905412963154,0.4522144522144522,0.45783132530120485,0.8340987821215438,0.8518776492254657,-0.1699192373891169,-0.22526927095884647,-0.11238658847969518,0
