model_id,seed,fold,split,gastrotheca_ap,oreobates_ap,macro_ap
mlp256-ord0.5-s2/lme,0,0,train,0.9045201266767076,0.9676784781284907,0.9360993024025992
mlp256-ord0.5-s2/lme,0,0,val,0.916110853043357,0.8834377689775625,0.8997743110104598
mlp256-ord0.5-s2/lme,0,0,test,0.8497439331275924,0.8289988258012188,0.8393713794644055
mlp256-ord0.5-s2/lme,0,1,train,0.8982688229272565,0.960505752432488,0.9293872876798723
mlp256-ord0.5-s2/lme,0,1,val,0.8673313142760061,0.9193017630660508,0.8933165386710284
mlp256-ord0.5-s2/lme,0,1,test,0.923342663409318,0.8573926885885681,0.8903676759989431
mlp256-ord0.5-s2/lme,0,2,train,0.945743761647818,0.9658121652737096,0.9557779634607638
mlp256-ord0.5-s2/lme,0,2,val,0.8407696135207899,0.8721180721718985,0.8564438428463442
mlp256-ord0.5-s2/lme,0,2,test,0.8627586890807927,0.9066439334507623,0.8847013112657776
mlp256-ord0.5-s2/lme,0,3,train,0.9775135267407027,0.9817647572581172,0.9796391419994099
mlp256-ord0.5-s2/lme,0,3,val,0.8445532880932397,0.9303538394057839,0.8874535637495118
mlp256-ord0.5-s2/lme,0,3,test,0.8343948529429268,0.8585256742864008,0.8464602636146639
mlp256-ord0.5-s2/lme,0,4,train,0.921282326806008,0.9296944887206118,0.9254884077633099
mlp256-ord0.5-s2/lme,0,4,val,0.8609660917981472,0.7945598429592752,0.8277629673787112
mlp256-ord0.5-s2/lme,0,4,test,0.7700475742544239,0.9237159232629069,0.8468817487586654
mlp256-ord0.5-s2/lme,1,0,train,0.9435996441430899,0.9881914455743611,0.9658955448587255
mlp256-ord0.5-s2/lme,1,0,val,0.9168033865273408,0.8705477747695345,0.8936755806484377
mlp256-ord0.5-s2/lme,1,0,test,0.8517356210842714,0.7908796622526467,0.821307641668459
mlp256-ord0.5-s2/lme,1,1,train,0.9061479465521205,0.9436237124321598,0.9248858294921402
mlp256-ord0.5-s2/lme,1,1,val,0.8775829446448647,0.9182430321732423,0.8979129884090535
mlp256-ord0.5-s2/lme,1,1,test,0.9312879846335571,0.8657112750045546,0.8984996298190558
mlp256-ord0.5-s2/lme,1,2,train,0.9076297147183219,0.9230784972905257,0.9153541060044238
mlp256-ord0.5-s2/lme,1,2,val,0.8341252892749957,0.872642497866727,0.8533838935708613
mlp256-ord0.5-s2/lme,1,2,test,0.834285361945147,0.9155682174115113,0.8749267896783292
mlp256-ord0.5-s2/lme,1,3,train,0.9870101122022203,0.9941378607485974,0.9905739864754088
mlp256-ord0.5-s2/lme,1,3,val,0.8407741087086238,0.9299740888629666,0.8853740987857952
mlp256-ord0.5-s2/lme,1,3,test,0.8331171230868017,0.8796080485991793,0.8563625858429905
mlp256-ord0.5-s2/lme,1,4,train,0.9483541806604129,0.974139710092396,0.9612469453764044
mlp256-ord0.5-s2/lme,1,4,val,0.8436217863087365,0.7709458271024336,0.8072838067055851
mlp256-ord0.5-s2/lme,1,4,test,0.7341149857201428,0.9244074995686921,0.8292612426444175
mlp256-ord0.5-s2/lme,2,0,train,0.9140445494581717,0.9720111079346754,0.9430278286964235
mlp256-ord0.5-s2/lme,2,0,val,0.9238842582840785,0.8870665204077631,0.9054753893459209
mlp256-ord0.5-s2/lme,2,0,test,0.8486688293047223,0.8296715428592467,0.8391701860819845
mlp256-ord0.5-s2/lme,2,1,train,0.901767875757719,0.9617700044580366,0.9317689401078778
mlp256-ord0.5-s2/lme,2,1,val,0.8717061280908851,0.9135373691290062,0.8926217486099457
mlp256-ord0.5-s2/lme,2,1,test,0.9141515559408315,0.8365410224439682,0.8753462891923999
mlp256-ord0.5-s2/lme,2,2,train,0.9481587783356583,0.9730565776894253,0.9606076780125419
mlp256-ord0.5-s2/lme,2,2,val,0.8378641522542213,0.8752108846973997,0.8565375184758105
mlp256-ord0.5-s2/lme,2,2,test,0.8424439980338152,0.8929200671299667,0.867682032581891
mlp256-ord0.5-s2/lme,2,3,train,0.9882329197169615,0.987140930332817,0.9876869250248892
mlp256-ord0.5-s2/lme,2,3,val,0.8380578669428622,0.9303700185615693,0.8842139427522158
mlp256-ord0.5-s2/lme,2,3,test,0.8208317628454618,0.864521151649563,0.8426764572475124
mlp256-ord0.5-s2/lme,2,4,train,0.9558796501206748,0.9785205828294921,0.9672001164750834
mlp256-ord0.5-s2/lme,2,4,val,0.8468457322752061,0.800914536101461,0.8238801341883335
mlp256-ord0.5-s2/lme,2,4,test,0.7519580533677093,0.917304766615795,0.8346314099917521
mlp256-ord0.5-s2/lme,3,0,train,0.8887239949346518,0.9608243146188955,0.9247741547767736
mlp256-ord0.5-s2/lme,3,0,val,0.9109917854832302,0.876126924090429,0.8935593547868297
mlp256-ord0.5-s2/lme,3,0,test,0.8412745925205924,0.8425749808705187,0.8419247866955556
mlp256-ord0.5-s2/lme,3,1,train,0.9324869420229153,0.9760687858990216,0.9542778639609684
mlp256-ord0.5-s2/lme,3,1,val,0.8776772419832564,0.922953869798944,0.9003155558911002
mlp256-ord0.5-s2/lme,3,1,test,0.9295466028226196,0.8641904236734121,0.8968685132480159
mlp256-ord0.5-s2/lme,3,2,train,0.9678438914318056,0.9845446691454639,0.9761942802886348
mlp256-ord0.5-s2/lme,3,2,val,0.829926369504403,0.8901218053255632,0.8600240874149832
mlp256-ord0.5-s2/lme,3,2,test,0.8664692431769124,0.9032757908545005,0.8848725170157065
mlp256-ord0.5-s2/lme,3,3,train,0.9816153902148865,0.9919300647255063,0.9867727274701964
mlp256-ord0.5-s2/lme,3,3,val,0.8325509927181317,0.9323114079082985,0.8824312003132151
mlp256-ord0.5-s2/lme,3,3,test,0.8386633567650197,0.886978856765063,0.8628211067650413
mlp256-ord0.5-s2/lme,3,4,train,0.9327236911799737,0.951231745795774,0.9419777184878738
mlp256-ord0.5-s2/lme,3,4,val,0.8712806121462823,0.8110973209721477,0.8411889665592149
mlp256-ord0.5-s2/lme,3,4,test,0.770699929207137,0.9248045811615762,0.8477522551843566
mlp256-ord0.5-s2/lme,4,0,train,0.9145840149356781,0.9660449668676524,0.9403144909016652
mlp256-ord0.5-s2/lme,4,0,val,0.919314072959039,0.8832792120891132,0.901296642524076
mlp256-ord0.5-s2/lme,4,0,test,0.8590006935520785,0.842119315270386,0.8505600044112323
mlp256-ord0.5-s2/lme,4,1,train,0.9464962074002905,0.980070080050528,0.9632831437254092
mlp256-ord0.5-s2/lme,4,1,val,0.8760329285284243,0.9202901644908446,0.8981615465096344
mlp256-ord0.5-s2/lme,4,1,test,0.9260247945214248,0.8361000306452221,0.8810624125833235
mlp256-ord0.5-s2/lme,4,2,train,0.9758476637316384,0.9870632162906138,0.9814554400111262
mlp256-ord0.5-s2/lme,4,2,val,0.8397580139264184,0.8887522183686215,0.8642551161475199
mlp256-ord0.5-s2/lme,4,2,test,0.8736939632175493,0.9120291309444889,0.8928615470810191
mlp256-ord0.5-s2/lme,4,3,train,0.9880889209594068,0.9951824694967689,0.9916356952280878
mlp256-ord0.5-s2/lme,4,3,val,0.8326849044156054,0.9221562868006331,0.8774205956081192
mlp256-ord0.5-s2/lme,4,3,test,0.8215890321608948,0.8791929888421005,0.8503910105014977
mlp256-ord0.5-s2/lme,4,4,train,0.9542239650219417,0.9710459802716841,0.9626349726468129
mlp256-ord0.5-s2/lme,4,4,val,0.8302411636673214,0.8108511057626223,0.8205461347149718
mlp256-ord0.5-s2/lme,4,4,test,0.8197496680240924,0.9225235709090982,0.8711366194665953
mlp256-ord0.5-s2-bl8k/lme,0,0,train,0.9006988233225731,0.9549018275950175,0.9278003254587953
mlp256-ord0.5-s2-bl8k/lme,0,0,val,0.9191682018367926,0.8778829992856747,0.8985256005612337
mlp256-ord0.5-s2-bl8k/lme,0,0,test,0.8463164011989716,0.8376639777409041,0.8419901894699378
mlp256-ord0.5-s2-bl8k/lme,0,1,train,0.945548198665032,0.9717132170311413,0.9586307078480867
mlp256-ord0.5-s2-bl8k/lme,0,1,val,0.8772215504145945,0.9168999153731056,0.89706073289385
mlp256-ord0.5-s2-bl8k/lme,0,1,test,0.9126577575138756,0.8372191581755255,0.8749384578447006
mlp256-ord0.5-s2-bl8k/lme,0,2,train,0.946667129600073,0.9648032670546831,0.9557351983273781
mlp256-ord0.5-s2-bl8k/lme,0,2,val,0.8414868064721552,0.8736584136803955,0.8575726100762754
mlp256-ord0.5-s2-bl8k/lme,0,2,test,0.8648608553245,0.9041104851860564,0.8844856702552781
mlp256-ord0.5-s2-bl8k/lme,0,3,train,0.9755050437726656,0.9789577899423305,0.977231416857498
mlp256-ord0.5-s2-bl8k/lme,0,3,val,0.841057249277122,0.9156525791380631,0.8783549142075926
mlp256-ord0.5-s2-bl8k/lme,0,3,test,0.812753232509947,0.8496187494892715,0.8311859909996093
mlp256-ord0.5-s2-bl8k/lme,0,4,train,0.9223952500553347,0.9272900475993389,0.9248426488273368
mlp256-ord0.5-s2-bl8k/lme,0,4,val,0.8579652094591775,0.8025495434214565,0.8302573764403169
mlp256-ord0.5-s2-bl8k/lme,0,4,test,0.7762512347436485,0.9291894953907208,0.8527203650671846
mlp256-ord0.5-s2-bl8k/lme,1,0,train,0.9336112224028962,0.9679490963496078,0.9507801593762519
mlp256-ord0.5-s2-bl8k/lme,1,0,val,0.9091163647736434,0.8603892978350499,0.8847528313043467
mlp256-ord0.5-s2-bl8k/lme,1,0,test,0.8376642867560775,0.8472256036554412,0.8424449452057594
mlp256-ord0.5-s2-bl8k/lme,1,1,train,0.8992667646114694,0.9444883866962541,0.9218775756538617
mlp256-ord0.5-s2-bl8k/lme,1,1,val,0.8845513646271704,0.9149741341028986,0.8997627493650345
mlp256-ord0.5-s2-bl8k/lme,1,1,test,0.9149964553953001,0.8339227701191108,0.8744596127572054
mlp256-ord0.5-s2-bl8k/lme,1,2,train,0.9499967870971211,0.96036287978253,0.9551798334398256
mlp256-ord0.5-s2-bl8k/lme,1,2,val,0.8480564371750297,0.8493892465992341,0.8487228418871319
mlp256-ord0.5-s2-bl8k/lme,1,2,test,0.8542267275811061,0.8863738094570008,0.8703002685190535
mlp256-ord0.5-s2-bl8k/lme,1,3,train,0.9555651730809339,0.9614025868710919,0.9584838799760129
mlp256-ord0.5-s2-bl8k/lme,1,3,val,0.8413462051251024,0.928180204304041,0.8847632047145717
mlp256-ord0.5-s2-bl8k/lme,1,3,test,0.8595413953177745,0.8692944696927469,0.8644179325052608
mlp256-ord0.5-s2-bl8k/lme,1,4,train,0.8913704070522009,0.9189283001556611,0.905149353603931
mlp256-ord0.5-s2-bl8k/lme,1,4,val,0.8329915805869648,0.8299217964818721,0.8314566885344185
mlp256-ord0.5-s2-bl8k/lme,1,4,test,0.7429967169676097,0.928582251049815,0.8357894840087123
mlp256-ord0.5-s2-bl8k/lme,2,0,train,0.8990457899241218,0.9533851706339694,0.9262154802790457
mlp256-ord0.5-s2-bl8k/lme,2,0,val,0.9110304962603298,0.8651697136551825,0.8881001049577562
mlp256-ord0.5-s2-bl8k/lme,2,0,test,0.8531882971165308,0.8614968440710988,0.8573425705938148
mlp256-ord0.5-s2-bl8k/lme,2,1,train,0.9136018058671646,0.9558987391567173,0.934750272511941
mlp256-ord0.5-s2-bl8k/lme,2,1,val,0.8876683435630058,0.9124896062644273,0.9000789749137166
mlp256-ord0.5-s2-bl8k/lme,2,1,test,0.931000071852342,0.8392544882590617,0.8851272800557018
mlp256-ord0.5-s2-bl8k/lme,2,2,train,0.9924704847873002,0.9884683077079063,0.9904693962476032
mlp256-ord0.5-s2-bl8k/lme,2,2,val,0.8565158894920158,0.8296747456384237,0.8430953175652198
mlp256-ord0.5-s2-bl8k/lme,2,2,test,0.8790741106403541,0.8797454014037501,0.8794097560220522
mlp256-ord0.5-s2-bl8k/lme,2,3,train,0.9930572340331345,0.9882960317712219,0.9906766329021782
mlp256-ord0.5-s2-bl8k/lme,2,3,val,0.8476762282104287,0.925267634067991,0.8864719311392097
mlp256-ord0.5-s2-bl8k/lme,2,3,test,0.8385930525907485,0.8549648632662837,0.8467789579285161
mlp256-ord0.5-s2-bl8k/lme,2,4,train,0.9011603762955042,0.940356550364818,0.9207584633301611
mlp256-ord0.5-s2-bl8k/lme,2,4,val,0.8379084450743233,0.8283308631134622,0.8331196540938928
mlp256-ord0.5-s2-bl8k/lme,2,4,test,0.7510483642002672,0.9354795919341149,0.8432639780671911
mlp256-ord0.5-s2-bl8k/lme,3,0,train,0.9691369474761251,0.9842347999001609,0.976685873688143
mlp256-ord0.5-s2-bl8k/lme,3,0,val,0.9229270289856968,0.8471026389124011,0.8850148339490489
mlp256-ord0.5-s2-bl8k/lme,3,0,test,0.8283170419887786,0.8254957062739949,0.8269063741313868
mlp256-ord0.5-s2-bl8k/lme,3,1,train,0.9579750013086017,0.9773961404620652,0.9676855708853335
mlp256-ord0.5-s2-bl8k/lme,3,1,val,0.8747869562023747,0.9263318686031401,0.9005594124027574
mlp256-ord0.5-s2-bl8k/lme,3,1,test,0.9116104697657325,0.826390097677323,0.8690002837215277
mlp256-ord0.5-s2-bl8k/lme,3,2,train,0.9548101030704117,0.9727179288785871,0.9637640159744993
mlp256-ord0.5-s2-bl8k/lme,3,2,val,0.8420596378622852,0.8594421909973722,0.8507509144298286
mlp256-ord0.5-s2-bl8k/lme,3,2,test,0.8708904167938287,0.9111475451237773,0.8910189809588029
mlp256-ord0.5-s2-bl8k/lme,3,3,train,0.9494543333288874,0.9658848682587986,0.957669600793843
mlp256-ord0.5-s2-bl8k/lme,3,3,val,0.8392005333483513,0.9270485640951314,0.8831245487217414
mlp256-ord0.5-s2-bl8k/lme,3,3,test,0.851178838468883,0.8739474518483062,0.8625631451585947
mlp256-ord0.5-s2-bl8k/lme,3,4,train,0.9360037534352454,0.9463561861997832,0.9411799698175143
mlp256-ord0.5-s2-bl8k/lme,3,4,val,0.8522440547775154,0.8372786634372674,0.8447613591073915
mlp256-ord0.5-s2-bl8k/lme,3,4,test,0.7622385704510488,0.9276829679228843,0.8449607691869665
mlp256-ord0.5-s2-bl8k/lme,4,0,train,0.9165726345469345,0.957012327537143,0.9367924810420387
mlp256-ord0.5-s2-bl8k/lme,4,0,val,0.9147645210230929,0.8811947163665852,0.897979618694839
mlp256-ord0.5-s2-bl8k/lme,4,0,test,0.8432599759112541,0.8459745002964681,0.8446172381038611
mlp256-ord0.5-s2-bl8k/lme,4,1,train,0.9497564989727885,0.9742741207355383,0.9620153098541634
mlp256-ord0.5-s2-bl8k/lme,4,1,val,0.8728067570115439,0.926187691624016,0.8994972243177799
mlp256-ord0.5-s2-bl8k/lme,4,1,test,0.9331530073437073,0.8118086335700432,0.8724808204568753
mlp256-ord0.5-s2-bl8k/lme,4,2,train,0.928252339381877,0.9624979776649075,0.9453751585233923
mlp256-ord0.5-s2-bl8k/lme,4,2,val,0.8542201979500004,0.8493963511572102,0.8518082745536053
mlp256-ord0.5-s2-bl8k/lme,4,2,test,0.8612197873762509,0.8971453614043035,0.8791825743902772
mlp256-ord0.5-s2-bl8k/lme,4,3,train,0.990579612340651,0.990771433679702,0.9906755230101765
mlp256-ord0.5-s2-bl8k/lme,4,3,val,0.8565303038238344,0.919134460715429,0.8878323822696317
mlp256-ord0.5-s2-bl8k/lme,4,3,test,0.8410625049136915,0.8653658280763152,0.8532141664950034
mlp256-ord0.5-s2-bl8k/lme,4,4,train,0.9170199767447638,0.9140422233614739,0.9155311000531188
mlp256-ord0.5-s2-bl8k/lme,4,4,val,0.8613268291711099,0.8042065377691705,0.8327666834701402
mlp256-ord0.5-s2-bl8k/lme,4,4,test,0.7692127199927605,0.932463860868416,0.8508382904305882
mlp256-ord0.5-s2-tr44k-bl8k/lme,0,0,train,0.843450090061835,0.9691552447901893,0.9063026674260122
mlp256-ord0.5-s2-tr44k-bl8k/lme,0,0,val,0.8324924631814198,0.8817060589048361,0.857099261043128
mlp256-ord0.5-s2-tr44k-bl8k/lme,0,0,test,0.8175294654814294,0.8585265814762545,0.838028023478842
mlp256-ord0.5-s2-tr44k-bl8k/lme,0,1,train,0.9018358513398209,0.9660631139553653,0.9339494826475931
mlp256-ord0.5-s2-tr44k-bl8k/lme,0,1,val,0.8886382569362191,0.9521924380510487,0.9204153474936339
mlp256-ord0.5-s2-tr44k-bl8k/lme,0,1,test,0.9117759084607429,0.8069948030821832,0.859385355771463
mlp256-ord0.5-s2-tr44k-bl8k/lme,0,2,train,0.8752175715765198,0.9008867429277289,0.8880521572521243
mlp256-ord0.5-s2-tr44k-bl8k/lme,0,2,val,0.6784599092221393,0.8059969612053957,0.7422284352137675
mlp256-ord0.5-s2-tr44k-bl8k/lme,0,2,test,0.7919682458109312,0.8143968450902769,0.8031825454506041
mlp256-ord0.5-s2-tr44k-bl8k/lme,0,3,train,0.8764013001708405,0.9080967621081275,0.892249031139484
mlp256-ord0.5-s2-tr44k-bl8k/lme,0,3,val,0.659252488442663,0.9279190656483908,0.7935857770455269
mlp256-ord0.5-s2-tr44k-bl8k/lme,0,3,test,0.7908555838278103,0.8139495271706152,0.8024025554992127
mlp256-ord0.5-s2-tr44k-bl8k/lme,0,4,train,0.9189356598318592,0.9669309338613774,0.9429332968466183
mlp256-ord0.5-s2-tr44k-bl8k/lme,0,4,val,0.7624913605393826,0.7282498576281398,0.7453706090837612
mlp256-ord0.5-s2-tr44k-bl8k/lme,0,4,test,0.7545522167157982,0.9123702615177738,0.8334612391167859
mlp256-ord0.5-s2-tr44k-bl8k/lme,1,0,train,0.8030970110063349,0.9603659680885492,0.8817314895474421
mlp256-ord0.5-s2-tr44k-bl8k/lme,1,0,val,0.8038997297026467,0.8898191054091449,0.8468594175558958
mlp256-ord0.5-s2-tr44k-bl8k/lme,1,0,test,0.8073721140076852,0.8138664429027357,0.8106192784552104
mlp256-ord0.5-s2-tr44k-bl8k/lme,1,1,train,0.8585437474003326,0.9549637756521188,0.9067537615262257
mlp256-ord0.5-s2-tr44k-bl8k/lme,1,1,val,0.888057169227202,0.9444643492818707,0.9162607592545364
mlp256-ord0.5-s2-tr44k-bl8k/lme,1,1,test,0.9267742515064371,0.7960031656009494,0.8613887085536933
mlp256-ord0.5-s2-tr44k-bl8k/lme,1,2,train,0.965930880002176,0.9869390493026601,0.976434964652418
mlp256-ord0.5-s2-tr44k-bl8k/lme,1,2,val,0.6531397080630655,0.8256775736533792,0.7394086408582223
mlp256-ord0.5-s2-tr44k-bl8k/lme,1,2,test,0.7964632875072548,0.8732290820162874,0.8348461847617711
mlp256-ord0.5-s2-tr44k-bl8k/lme,1,3,train,0.8495438662238342,0.9078024432403323,0.8786731547320832
mlp256-ord0.5-s2-tr44k-bl8k/lme,1,3,val,0.7154796734090499,0.9252646851379941,0.820372179273522
mlp256-ord0.5-s2-tr44k-bl8k/lme,1,3,test,0.820206218691877,0.8542762943914706,0.8372412565416738
mlp256-ord0.5-s2-tr44k-bl8k/lme,1,4,train,0.9081919148622446,0.9606641430284723,0.9344280289453584
mlp256-ord0.5-s2-tr44k-bl8k/lme,1,4,val,0.7705218859778955,0.7302004269836183,0.7503611564807569
mlp256-ord0.5-s2-tr44k-bl8k/lme,1,4,test,0.7744619764042279,0.8976465557526943,0.8360542660784611
mlp256-ord0.5-s2-tr44k-bl8k/lme,2,0,train,0.8189205914631337,0.9390857851031975,0.8790031882831656
mlp256-ord0.5-s2-tr44k-bl8k/lme,2,0,val,0.845812840443598,0.8847013649386988,0.8652571026911484
mlp256-ord0.5-s2-tr44k-bl8k/lme,2,0,test,0.8245537566258373,0.8183779582916895,0.8214658574587634
mlp256-ord0.5-s2-tr44k-bl8k/lme,2,1,train,0.9675800716719012,0.980284311197143,0.973932191434522
mlp256-ord0.5-s2-tr44k-bl8k/lme,2,1,val,0.8874939706291326,0.9432531205269402,0.9153735455780364
mlp256-ord0.5-s2-tr44k-bl8k/lme,2,1,test,0.9014810489030367,0.7906051301428084,0.8460430895229225
mlp256-ord0.5-s2-tr44k-bl8k/lme,2,2,train,0.9260805279410185,0.9513770594409097,0.9387287936909641
mlp256-ord0.5-s2-tr44k-bl8k/lme,2,2,val,0.6720483324293134,0.8169355583201018,0.7444919453747076
mlp256-ord0.5-s2-tr44k-bl8k/lme,2,2,test,0.7652566589608295,0.8554292494729425,0.8103429542168861
mlp256-ord0.5-s2-tr44k-bl8k/lme,2,3,train,0.8617650312763524,0.9181772021188505,0.8899711166976014
mlp256-ord0.5-s2-tr44k-bl8k/lme,2,3,val,0.6946206027074752,0.9313284446778727,0.812974523692674
mlp256-ord0.5-s2-tr44k-bl8k/lme,2,3,test,0.7847505271318417,0.8484781291384962,0.816614328135169
mlp256-ord0.5-s2-tr44k-bl8k/lme,2,4,train,0.8942365827871468,0.9620232378741526,0.9281299103306497
mlp256-ord0.5-s2-tr44k-bl8k/lme,2,4,val,0.7711813416950645,0.6783171734884182,0.7247492575917414
mlp256-ord0.5-s2-tr44k-bl8k/lme,2,4,test,0.7438917378305819,0.9011280530721789,0.8225098954513804
mlp256-ord0.5-s2-tr44k-bl8k/lme,3,0,train,0.8752506709549058,0.9689530502976782,0.9221018606262921
mlp256-ord0.5-s2-tr44k-bl8k/lme,3,0,val,0.8549495748667431,0.8643707195050641,0.8596601471859036
mlp256-ord0.5-s2-tr44k-bl8k/lme,3,0,test,0.8217149401875554,0.8335504648864138,0.8276327025369846
mlp256-ord0.5-s2-tr44k-bl8k/lme,3,1,train,0.8724850877663665,0.954633035549321,0.9135590616578437
mlp256-ord0.5-s2-tr44k-bl8k/lme,3,1,val,0.8919823854675986,0.9439143243921881,0.9179483549298934
mlp256-ord0.5-s2-tr44k-bl8k/lme,3,1,test,0.9192249702283072,0.8297242367365136,0.8744746034824105
mlp256-ord0.5-s2-tr44k-bl8k/lme,3,2,train,0.9868110682167829,0.9935813969925037,0.9901962326046433
mlp256-ord0.5-s2-tr44k-bl8k/lme,3,2,val,0.643977362983407,0.820800137973471,0.732388750478439
mlp256-ord0.5-s2-tr44k-bl8k/lme,3,2,test,0.7868166695295327,0.888261807449854,0.8375392384896934
mlp256-ord0.5-s2-tr44k-bl8k/lme,3,3,train,0.9730475067660956,0.9695832376649994,0.9713153722155475
mlp256-ord0.5-s2-tr44k-bl8k/lme,3,3,val,0.6769475915481279,0.9363332581490003,0.8066404248485641
mlp256-ord0.5-s2-tr44k-bl8k/lme,3,3,test,0.8033524788586307,0.846919434045833,0.8251359564522318
mlp256-ord0.5-s2-tr44k-bl8k/lme,3,4,train,0.8182305925490271,0.9190137914277359,0.8686221919883814
mlp256-ord0.5-s2-tr44k-bl8k/lme,3,4,val,0.763989526596354,0.7351076099705106,0.7495485682834323
mlp256-ord0.5-s2-tr44k-bl8k/lme,3,4,test,0.7416760494653465,0.8841873027089803,0.8129316760871634
mlp256-ord0.5-s2-tr44k-bl8k/lme,4,0,train,0.9000029509766322,0.9718877958539724,0.9359453734153023
mlp256-ord0.5-s2-tr44k-bl8k/lme,4,0,val,0.8367988120549178,0.8768291217672881,0.856813966911103
mlp256-ord0.5-s2-tr44k-bl8k/lme,4,0,test,0.8325627825968897,0.8565589409169124,0.844560861756901
mlp256-ord0.5-s2-tr44k-bl8k/lme,4,1,train,0.8221373386365057,0.9455477686903392,0.8838425536634225
mlp256-ord0.5-s2-tr44k-bl8k/lme,4,1,val,0.8963142324645287,0.9439294283588233,0.9201218304116761
mlp256-ord0.5-s2-tr44k-bl8k/lme,4,1,test,0.9033541322352076,0.8135525848763268,0.8584533585557672
mlp256-ord0.5-s2-tr44k-bl8k/lme,4,2,train,0.9331723405468675,0.9586190397655469,0.9458956901562072
mlp256-ord0.5-s2-tr44k-bl8k/lme,4,2,val,0.6446693786479963,0.7930516082023265,0.7188604934251615
mlp256-ord0.5-s2-tr44k-bl8k/lme,4,2,test,0.7797729399927551,0.8585369317169539,0.8191549358548544
mlp256-ord0.5-s2-tr44k-bl8k/lme,4,3,train,0.8132993349171391,0.9124407291298264,0.8628700320234828
mlp256-ord0.5-s2-tr44k-bl8k/lme,4,3,val,0.7203829351659845,0.9288224150183401,0.8246026750921622
mlp256-ord0.5-s2-tr44k-bl8k/lme,4,3,test,0.8047645717901237,0.8350761035578019,0.8199203376739628
mlp256-ord0.5-s2-tr44k-bl8k/lme,4,4,train,0.9261995050480865,0.9687717865376717,0.9474856457928791
mlp256-ord0.5-s2-tr44k-bl8k/lme,4,4,val,0.7445396972768723,0.7184307143809712,0.7314852058289217
mlp256-ord0.5-s2-tr44k-bl8k/lme,4,4,test,0.7756562172723422,0.9041167790151994,0.8398864981437708
mlp256-ord0.5-s2-tr44k/lme,0,0,train,0.8507398063892646,0.9795456443528133,0.9151427253710389
mlp256-ord0.5-s2-tr44k/lme,0,0,val,0.7934143353826443,0.8807580839203352,0.8370862096514897
mlp256-ord0.5-s2-tr44k/lme,0,0,test,0.8181452304469804,0.8173780809726057,0.8177616557097931
mlp256-ord0.5-s2-tr44k/lme,0,1,train,0.9995590828924162,0.9982450334310379,0.9989020581617271
mlp256-ord0.5-s2-tr44k/lme,0,1,val,0.907228110138352,0.9306669656514933,0.9189475378949227
mlp256-ord0.5-s2-tr44k/lme,0,1,test,0.8865509281953082,0.8085863009204799,0.847568614557894
mlp256-ord0.5-s2-tr44k/lme,0,2,train,0.9694555025085309,0.994709945336793,0.9820827239226619
mlp256-ord0.5-s2-tr44k/lme,0,2,val,0.6349445908783876,0.871429393425015,0.7531869921517014
mlp256-ord0.5-s2-tr44k/lme,0,2,test,0.8352082348830177,0.8791628332328574,0.8571855340579375
mlp256-ord0.5-s2-tr44k/lme,0,3,train,0.887477369676803,0.9242733765873323,0.9058753731320677
mlp256-ord0.5-s2-tr44k/lme,0,3,val,0.6383505121173132,0.942868787876986,0.7906096499971496
mlp256-ord0.5-s2-tr44k/lme,0,3,test,0.8024865387241314,0.8208006687043667,0.8116436037142492
mlp256-ord0.5-s2-tr44k/lme,0,4,train,0.8547509285832829,0.9328031633749284,0.8937770459791057
mlp256-ord0.5-s2-tr44k/lme,0,4,val,0.8064052206194001,0.69194236553382,0.74917379307661
mlp256-ord0.5-s2-tr44k/lme,0,4,test,0.7516010972277158,0.8943142301977616,0.8229576637127387
mlp256-ord0.5-s2-tr44k/lme,1,0,train,0.9646879644793032,0.9945606198152288,0.979624292147266
mlp256-ord0.5-s2-tr44k/lme,1,0,val,0.8160648766236197,0.8983014347118601,0.8571831556677398
mlp256-ord0.5-s2-tr44k/lme,1,0,test,0.8369566769130437,0.8268721866513866,0.8319144317822151
mlp256-ord0.5-s2-tr44k/lme,1,1,train,0.9579440831139493,0.9843526075871408,0.9711483453505451
mlp256-ord0.5-s2-tr44k/lme,1,1,val,0.9023826544832801,0.933819585543926,0.9181011200136031
mlp256-ord0.5-s2-tr44k/lme,1,1,test,0.8989967433911019,0.7718080449018326,0.8354023941464672
mlp256-ord0.5-s2-tr44k/lme,1,2,train,0.8715822162188858,0.9294913824096741,0.9005367993142799
mlp256-ord0.5-s2-tr44k/lme,1,2,val,0.6271716431918021,0.8384346332510136,0.7328031382214079
mlp256-ord0.5-s2-tr44k/lme,1,2,test,0.8493446097107709,0.8334452622845216,0.8413949359976463
mlp256-ord0.5-s2-tr44k/lme,1,3,train,0.8735210533525518,0.9012348496170318,0.8873779514847918
mlp256-ord0.5-s2-tr44k/lme,1,3,val,0.6709395051095214,0.9441783931620475,0.8075589491357844
mlp256-ord0.5-s2-tr44k/lme,1,3,test,0.8313217165525807,0.8588565698832056,0.8450891432178931
mlp256-ord0.5-s2-tr44k/lme,1,4,train,0.9828646109810106,0.9957329369473714,0.989298773964191
mlp256-ord0.5-s2-tr44k/lme,1,4,val,0.7551339831616377,0.7195441683512931,0.7373390757564654
mlp256-ord0.5-s2-tr44k/lme,1,4,test,0.7984058118593003,0.9193018799769558,0.8588538459181281
mlp256-ord0.5-s2-tr44k/lme,2,0,train,0.8037986250649801,0.9475820089906756,0.8756903170278278
mlp256-ord0.5-s2-tr44k/lme,2,0,val,0.840346817455,0.8720363408376983,0.8561915791463491
mlp256-ord0.5-s2-tr44k/lme,2,0,test,0.8465972108407582,0.8161352999548683,0.8313662553978133
mlp256-ord0.5-s2-tr44k/lme,2,1,train,0.9507268199525234,0.9870154999440832,0.9688711599483033
mlp256-ord0.5-s2-tr44k/lme,2,1,val,0.908671575263054,0.9331309480048751,0.9209012616339645
mlp256-ord0.5-s2-tr44k/lme,2,1,test,0.8790739690544639,0.8266919779134482,0.852882973483956
mlp256-ord0.5-s2-tr44k/lme,2,2,train,0.8523324452549415,0.925550116268021,0.8889412807614812
mlp256-ord0.5-s2-tr44k/lme,2,2,val,0.6389728393759542,0.8495994650881346,0.7442861522320443
mlp256-ord0.5-s2-tr44k/lme,2,2,test,0.8359864591053986,0.8398711902237246,0.8379288246645615
mlp256-ord0.5-s2-tr44k/lme,2,3,train,0.8960328377369684,0.9322871649501697,0.9141600013435691
mlp256-ord0.5-s2-tr44k/lme,2,3,val,0.6197697008567465,0.9544388446911195,0.787104272773933
mlp256-ord0.5-s2-tr44k/lme,2,3,test,0.8028015653508398,0.8746469386988057,0.8387242520248228
mlp256-ord0.5-s2-tr44k/lme,2,4,train,0.9462033810499457,0.9885595303797217,0.9673814557148337
mlp256-ord0.5-s2-tr44k/lme,2,4,val,0.7421773894093945,0.7118104936708419,0.7269939415401182
mlp256-ord0.5-s2-tr44k/lme,2,4,test,0.7492044036346635,0.9144292319459048,0.831816817790284
mlp256-ord0.5-s2-tr44k/lme,3,0,train,0.9402139256351651,0.9928643319386445,0.9665391287869048
mlp256-ord0.5-s2-tr44k/lme,3,0,val,0.8572336247091149,0.8761853986659904,0.8667095116875527
mlp256-ord0.5-s2-tr44k/lme,3,0,test,0.8499299099593912,0.8257511832620383,0.8378405466107148
mlp256-ord0.5-s2-tr44k/lme,3,1,train,0.8616065009231773,0.9631794742493027,0.91239298758624
mlp256-ord0.5-s2-tr44k/lme,3,1,val,0.9006063832074214,0.9437385202150006,0.922172451711211
mlp256-ord0.5-s2-tr44k/lme,3,1,test,0.8921000134783845,0.8293886005503732,0.8607443070143789
mlp256-ord0.5-s2-tr44k/lme,3,2,train,0.996985839320151,0.9985569018112086,0.9977713705656798
mlp256-ord0.5-s2-tr44k/lme,3,2,val,0.630061080212539,0.8245546247832244,0.7273078524978818
mlp256-ord0.5-s2-tr44k/lme,3,2,test,0.8265910818535545,0.8778413379192067,0.8522162098863806
mlp256-ord0.5-s2-tr44k/lme,3,3,train,0.8532360620717343,0.9210081259428032,0.8871220940072688
mlp256-ord0.5-s2-tr44k/lme,3,3,val,0.646706905522661,0.9440876826638483,0.7953972940932547
mlp256-ord0.5-s2-tr44k/lme,3,3,test,0.7991719753415879,0.8405142578283359,0.8198431165849619
mlp256-ord0.5-s2-tr44k/lme,3,4,train,0.858829635399061,0.9373982062777261,0.8981139208383935
mlp256-ord0.5-s2-tr44k/lme,3,4,val,0.7927225142044398,0.7309220781413818,0.7618222961729109
mlp256-ord0.5-s2-tr44k/lme,3,4,test,0.7588265556052051,0.870495774419289,0.8146611650122471
mlp256-ord0.5-s2-tr44k/lme,4,0,train,0.9275058108058398,0.9889067526230747,0.9582062817144572
mlp256-ord0.5-s2-tr44k/lme,4,0,val,0.850195097830401,0.8845021986749284,0.8673486482526647
mlp256-ord0.5-s2-tr44k/lme,4,0,test,0.8256117554842586,0.8224748585442411,0.8240433070142499
mlp256-ord0.5-s2-tr44k/lme,4,1,train,0.9777544574314903,0.9868122304423057,0.982283343936898
mlp256-ord0.5-s2-tr44k/lme,4,1,val,0.9023898907262444,0.9346459721595511,0.9185179314428977
mlp256-ord0.5-s2-tr44k/lme,4,1,test,0.8641256718010225,0.7681952652514904,0.8161604685262565
mlp256-ord0.5-s2-tr44k/lme,4,2,train,0.778084732124148,0.8965230743589931,0.8373039032415706
mlp256-ord0.5-s2-tr44k/lme,4,2,val,0.6126953848442647,0.8337941641011156,0.7232447744726902
mlp256-ord0.5-s2-tr44k/lme,4,2,test,0.8263632180025682,0.7845350772063722,0.8054491476044702
mlp256-ord0.5-s2-tr44k/lme,4,3,train,0.8609968502261478,0.9141072503742089,0.8875520503001784
mlp256-ord0.5-s2-tr44k/lme,4,3,val,0.6426004401539026,0.948361415785512,0.7954809279697073
mlp256-ord0.5-s2-tr44k/lme,4,3,test,0.8176478390406279,0.8585011783410136,0.8380745086908208
mlp256-ord0.5-s2-tr44k/lme,4,4,train,0.9330226510106812,0.9748472413448788,0.95393494617778
mlp256-ord0.5-s2-tr44k/lme,4,4,val,0.7724752546267998,0.7022379136358905,0.7373565841313452
mlp256-ord0.5-s2-tr44k/lme,4,4,test,0.7661843864855512,0.9146320104438316,0.8404081984646914
mlp256-ord0.5-s2-tr8k-bl8k/lme,0,0,train,0.9965920927535715,0.9876218253536384,0.9921069590536049
mlp256-ord0.5-s2-tr8k-bl8k/lme,0,0,val,0.9509628299575617,0.4907575757575757,0.7208602028575687
mlp256-ord0.5-s2-tr8k-bl8k/lme,0,0,test,0.6818412171393037,0.689452756927204,0.6856469870332538
mlp256-ord0.5-s2-tr8k-bl8k/lme,0,1,train,0.9745398289357157,0.9793891900845848,0.9769645095101502
mlp256-ord0.5-s2-tr8k-bl8k/lme,0,1,val,0.8844054492437614,0.5264829046610674,0.7054441769524145
mlp256-ord0.5-s2-tr8k-bl8k/lme,0,1,test,0.8750393359692116,0.7535503313039366,0.8142948336365741
mlp256-ord0.5-s2-tr8k-bl8k/lme,0,2,train,0.916833022852144,0.9095707213249329,0.9132018720885384
mlp256-ord0.5-s2-tr8k-bl8k/lme,0,2,val,0.9351156864471042,0.9282472457844158,0.93168146611576
mlp256-ord0.5-s2-tr8k-bl8k/lme,0,2,test,0.7803854081340804,0.8525468426971652,0.8164661254156228
mlp256-ord0.5-s2-tr8k-bl8k/lme,0,3,train,0.9626435969241345,0.9765996520135966,0.9696216244688656
mlp256-ord0.5-s2-tr8k-bl8k/lme,0,3,val,0.897949293174804,0.8716575489617812,0.8848034210682926
mlp256-ord0.5-s2-tr8k-bl8k/lme,0,3,test,0.7817709726142629,0.6514380732738321,0.7166045229440474
mlp256-ord0.5-s2-tr8k-bl8k/lme,0,4,train,0.9094293938626015,0.7791317034261176,0.8442805486443595
mlp256-ord0.5-s2-tr8k-bl8k/lme,0,4,val,0.8489358932696891,0.922446719095978,0.8856913061828335
mlp256-ord0.5-s2-tr8k-bl8k/lme,0,4,test,0.7636804728718929,0.8224223416459574,0.7930514072589252
mlp256-ord0.5-s2-tr8k-bl8k/lme,1,0,train,0.8966701296860595,0.9262737970645151,0.9114719633752872
mlp256-ord0.5-s2-tr8k-bl8k/lme,1,0,val,0.9485621044098413,0.47720125786163525,0.7128816811357384
mlp256-ord0.5-s2-tr8k-bl8k/lme,1,0,test,0.7449082395413505,0.6615001721397002,0.7032042058405255
mlp256-ord0.5-s2-tr8k-bl8k/lme,1,1,train,0.9926883997031822,0.9895503812015395,0.9911193904523609
mlp256-ord0.5-s2-tr8k-bl8k/lme,1,1,val,0.8748494259898331,0.5462835424956637,0.7105664842427484
mlp256-ord0.5-s2-tr8k-bl8k/lme,1,1,test,0.8229105537766412,0.750555063814657,0.7867328087956491
mlp256-ord0.5-s2-tr8k-bl8k/lme,1,2,train,0.9127937801482554,0.9309447483806476,0.9218692642644515
mlp256-ord0.5-s2-tr8k-bl8k/lme,1,2,val,0.9313444308834187,0.9169319134594254,0.924138172171422
mlp256-ord0.5-s2-tr8k-bl8k/lme,1,2,test,0.8083678565891228,0.8335817345962866,0.8209747955927047
mlp256-ord0.5-s2-tr8k-bl8k/lme,1,3,train,0.9914692691930009,0.9991753436068305,0.9953223063999157
mlp256-ord0.5-s2-tr8k-bl8k/lme,1,3,val,0.9140841805564384,0.851799477518787,0.8829418290376128
mlp256-ord0.5-s2-tr8k-bl8k/lme,1,3,test,0.7163374070821362,0.7035972581588665,0.7099673326205014
mlp256-ord0.5-s2-tr8k-bl8k/lme,1,4,train,0.94128262062775,0.8854727840735084,0.9133777023506292
mlp256-ord0.5-s2-tr8k-bl8k/lme,1,4,val,0.838965320753709,0.7809662077402341,0.8099657642469715
mlp256-ord0.5-s2-tr8k-bl8k/lme,1,4,test,0.7636050644147497,0.8223258928059117,0.7929654786103307
mlp256-ord0.5-s2-tr8k-bl8k/lme,2,0,train,0.9905597165854556,0.9796473468076289,0.9851035316965422
mlp256-ord0.5-s2-tr8k-bl8k/lme,2,0,val,0.9553553506324918,0.5357142857142857,0.7455348181733887
mlp256-ord0.5-s2-tr8k-bl8k/lme,2,0,test,0.7761557764218505,0.6366092262436629,0.7063825013327567
mlp256-ord0.5-s2-tr8k-bl8k/lme,2,1,train,0.9759650159108801,0.9823770022765024,0.9791710090936913
mlp256-ord0.5-s2-tr8k-bl8k/lme,2,1,val,0.8952802084607462,0.52204488446967,0.7086625464652081
mlp256-ord0.5-s2-tr8k-bl8k/lme,2,1,test,0.901582848441778,0.7589787036690295,0.8302807760554038
mlp256-ord0.5-s2-tr8k-bl8k/lme,2,2,train,0.9110774893079757,0.9474695149260182,0.9292735021169969
mlp256-ord0.5-s2-tr8k-bl8k/lme,2,2,val,0.9246558709656036,0.8885648530372667,0.9066103620014352
mlp256-ord0.5-s2-tr8k-bl8k/lme,2,2,test,0.8047788225200456,0.8573050751608797,0.8310419488404627
mlp256-ord0.5-s2-tr8k-bl8k/lme,2,3,train,0.9726705055966993,0.9821193291655548,0.977394917381127
mlp256-ord0.5-s2-tr8k-bl8k/lme,2,3,val,0.9142244470972303,0.8635069821252386,0.8888657146112344
mlp256-ord0.5-s2-tr8k-bl8k/lme,2,3,test,0.7802359506886285,0.7446979930940348,0.7624669718913317
mlp256-ord0.5-s2-tr8k-bl8k/lme,2,4,train,0.9146825337449132,0.8766440536865765,0.8956632937157448
mlp256-ord0.5-s2-tr8k-bl8k/lme,2,4,val,0.8507884726975866,0.8156397915425321,0.8332141321200593
mlp256-ord0.5-s2-tr8k-bl8k/lme,2,4,test,0.7339770548506904,0.8368668084294384,0.7854219316400644
mlp256-ord0.5-s2-tr8k-bl8k/lme,3,0,train,0.8962429535432886,0.9231492825247757,0.9096961180340322
mlp256-ord0.5-s2-tr8k-bl8k/lme,3,0,val,0.9434059433786846,0.5488095238095239,0.7461077335941042
mlp256-ord0.5-s2-tr8k-bl8k/lme,3,0,test,0.7771176931845276,0.6494246164314412,0.7132711548079844
mlp256-ord0.5-s2-tr8k-bl8k/lme,3,1,train,0.9799135973974503,0.9837542220366917,0.981833909717071
mlp256-ord0.5-s2-tr8k-bl8k/lme,3,1,val,0.8854173108081829,0.5198149810177115,0.7026161459129472
mlp256-ord0.5-s2-tr8k-bl8k/lme,3,1,test,0.8728655883228511,0.7400220274441368,0.8064438078834939
mlp256-ord0.5-s2-tr8k-bl8k/lme,3,2,train,0.9181310004299177,0.9293391113508086,0.9237350558903632
mlp256-ord0.5-s2-tr8k-bl8k/lme,3,2,val,0.9464544429449272,0.9265737702632071,0.9365141066040672
mlp256-ord0.5-s2-tr8k-bl8k/lme,3,2,test,0.7412655624154163,0.8632717443693275,0.802268653392372
mlp256-ord0.5-s2-tr8k-bl8k/lme,3,3,train,0.9712658820852081,0.9826097135261684,0.9769377978056883
mlp256-ord0.5-s2-tr8k-bl8k/lme,3,3,val,0.9013515490623298,0.8605868541564341,0.880969201609382
mlp256-ord0.5-s2-tr8k-bl8k/lme,3,3,test,0.7668178015024193,0.6920861420157891,0.7294519717591041
mlp256-ord0.5-s2-tr8k-bl8k/lme,3,4,train,0.9240650573531071,0.8791193389003259,0.9015921981267165
mlp256-ord0.5-s2-tr8k-bl8k/lme,3,4,val,0.861316834955159,0.8602119593976673,0.8607643971764132
mlp256-ord0.5-s2-tr8k-bl8k/lme,3,4,test,0.7050515863576956,0.8491384242606795,0.7770950053091876
mlp256-ord0.5-s2-tr8k-bl8k/lme,4,0,train,1.0,1.0,1.0
mlp256-ord0.5-s2-tr8k-bl8k/lme,4,0,val,0.9452340022765264,0.5037593984962405,0.7244967003863835
mlp256-ord0.5-s2-tr8k-bl8k/lme,4,0,test,0.6368575894518971,0.660954146027341,0.6489058677396191
mlp256-ord0.5-s2-tr8k-bl8k/lme,4,1,train,0.9737181161117903,0.9771543231777207,0.9754362196447555
mlp256-ord0.5-s2-tr8k-bl8k/lme,4,1,val,0.8833893619705198,0.5367583322182985,0.7100738470944091
mlp256-ord0.5-s2-tr8k-bl8k/lme,4,1,test,0.887910462856802,0.7597391614873646,0.8238248121720833
mlp256-ord0.5-s2-tr8k-bl8k/lme,4,2,train,0.9033400581136724,0.9142804678950005,0.9088102630043364
mlp256-ord0.5-s2-tr8k-bl8k/lme,4,2,val,0.9344044495446007,0.9238536283778257,0.9291290389612132
mlp256-ord0.5-s2-tr8k-bl8k/lme,4,2,test,0.7407972304948667,0.84885481531841,0.7948260229066384
mlp256-ord0.5-s2-tr8k-bl8k/lme,4,3,train,1.0,1.0,1.0
mlp256-ord0.5-s2-tr8k-bl8k/lme,4,3,val,0.9167599432048983,0.8868477732128628,0.9018038582088805
mlp256-ord0.5-s2-tr8k-bl8k/lme,4,3,test,0.6379949828044701,0.708143889519779,0.6730694361621246
mlp256-ord0.5-s2-tr8k-bl8k/lme,4,4,train,0.95568483731807,0.8903962633462701,0.92304055033217
mlp256-ord0.5-s2-tr8k-bl8k/lme,4,4,val,0.8408168158981385,0.9042070463169126,0.8725119311075256
mlp256-ord0.5-s2-tr8k-bl8k/lme,4,4,test,0.7486253812798133,0.8176150665029522,0.7831202238913828
mlp256-ord0.5-s2-tr8k/lme,0,0,train,0.996561736369624,0.9876218253536384,0.9920917808616312
mlp256-ord0.5-s2-tr8k/lme,0,0,val,0.9515493402214913,0.4892191142191141,0.7203842272203027
mlp256-ord0.5-s2-tr8k/lme,0,0,test,0.7301146283410748,0.6961353492362722,0.7131249887886735
mlp256-ord0.5-s2-tr8k/lme,0,1,train,0.9745398289357157,0.9793891900845848,0.9769645095101502
mlp256-ord0.5-s2-tr8k/lme,0,1,val,0.8844054492437614,0.5264829046610674,0.7054441769524145
mlp256-ord0.5-s2-tr8k/lme,0,1,test,0.8220608415425368,0.7194502342827945,0.7707555379126656
mlp256-ord0.5-s2-tr8k/lme,0,2,train,0.916833022852144,0.9095707213249329,0.9132018720885384
mlp256-ord0.5-s2-tr8k/lme,0,2,val,0.9351156864471042,0.9282472457844158,0.93168146611576
mlp256-ord0.5-s2-tr8k/lme,0,2,test,0.804306010647464,0.8188057862952567,0.8115558984713603
mlp256-ord0.5-s2-tr8k/lme,0,3,train,0.9626435969241345,0.9765996520135966,0.9696216244688656
mlp256-ord0.5-s2-tr8k/lme,0,3,val,0.8979852628671392,0.87172328900686,0.8848542759369996
mlp256-ord0.5-s2-tr8k/lme,0,3,test,0.8197452228278878,0.7321586425703587,0.7759519326991232
mlp256-ord0.5-s2-tr8k/lme,0,4,train,0.9094293938626015,0.7791317034261176,0.8442805486443595
mlp256-ord0.5-s2-tr8k/lme,0,4,val,0.8489358932696891,0.922446719095978,0.8856913061828335
mlp256-ord0.5-s2-tr8k/lme,0,4,test,0.7809805726671122,0.7810879747586198,0.7810342737128659
mlp256-ord0.5-s2-tr8k/lme,1,0,train,0.8966636053371895,0.9262737970645151,0.9114687012008522
mlp256-ord0.5-s2-tr8k/lme,1,0,val,0.9485621044098413,0.47720125786163525,0.7128816811357384
mlp256-ord0.5-s2-tr8k/lme,1,0,test,0.7550320912355706,0.6465206349074761,0.7007763630715234
mlp256-ord0.5-s2-tr8k/lme,1,1,train,0.992606343379687,0.9895503812015395,0.9910783622906132
mlp256-ord0.5-s2-tr8k/lme,1,1,val,0.8747176963800567,0.5462127530517855,0.7104652247159211
mlp256-ord0.5-s2-tr8k/lme,1,1,test,0.677792416633497,0.7040987071074922,0.6909455618704946
mlp256-ord0.5-s2-tr8k/lme,1,2,train,0.9127757338250015,0.9312081467572535,0.9219919402911275
mlp256-ord0.5-s2-tr8k/lme,1,2,val,0.9313444308834187,0.9169319134594254,0.924138172171422
mlp256-ord0.5-s2-tr8k/lme,1,2,test,0.8511026462898451,0.8075159729546569,0.829309309622251
mlp256-ord0.5-s2-tr8k/lme,1,3,train,0.9914028284249456,0.9991753436068305,0.9952890860158881
mlp256-ord0.5-s2-tr8k/lme,1,3,val,0.9141334270845581,0.851799477518787,0.8829664523016726
mlp256-ord0.5-s2-tr8k/lme,1,3,test,0.8067012417049537,0.7319573559059298,0.7693292988054418
mlp256-ord0.5-s2-tr8k/lme,1,4,train,0.9411523172483112,0.8854727840735084,0.9133125506609098
mlp256-ord0.5-s2-tr8k/lme,1,4,val,0.838965320753709,0.7809662077402341,0.8099657642469715
mlp256-ord0.5-s2-tr8k/lme,1,4,test,0.7948015435702537,0.8103732152878036,0.8025873794290286
mlp256-ord0.5-s2-tr8k/lme,2,0,train,0.9904379753929147,0.978739905791295,0.9845889405921049
mlp256-ord0.5-s2-tr8k/lme,2,0,val,0.9553553506324918,0.5607142857142857,0.7580348181733887
mlp256-ord0.5-s2-tr8k/lme,2,0,test,0.7543130041342802,0.6508051277088723,0.7025590659215762
mlp256-ord0.5-s2-tr8k/lme,2,1,train,0.9759461941529279,0.9823770022765024,0.9791615982147152
mlp256-ord0.5-s2-tr8k/lme,2,1,val,0.8952802084607462,0.52204488446967,0.7086625464652081
mlp256-ord0.5-s2-tr8k/lme,2,1,test,0.8682788843852104,0.7287127025187098,0.7984957934519601
mlp256-ord0.5-s2-tr8k/lme,2,2,train,0.9111386776243108,0.9473568844770803,0.9292477810506956
mlp256-ord0.5-s2-tr8k/lme,2,2,val,0.9246558709656036,0.8895610216196423,0.907108446292623
mlp256-ord0.5-s2-tr8k/lme,2,2,test,0.7932314670209304,0.816148893082384,0.8046901800516573
mlp256-ord0.5-s2-tr8k/lme,2,3,train,0.9726412629979473,0.9821193291655548,0.977380296081751
mlp256-ord0.5-s2-tr8k/lme,2,3,val,0.9143787919035274,0.8635069821252386,0.888942887014383
mlp256-ord0.5-s2-tr8k/lme,2,3,test,0.7434995453492645,0.7558655684657125,0.7496825569074885
mlp256-ord0.5-s2-tr8k/lme,2,4,train,0.9146825337449132,0.8766440536865765,0.8956632937157448
mlp256-ord0.5-s2-tr8k/lme,2,4,val,0.8507884726975866,0.8156397915425321,0.8332141321200593
mlp256-ord0.5-s2-tr8k/lme,2,4,test,0.7405723878132704,0.8319980366232874,0.7862852122182789
mlp256-ord0.5-s2-tr8k/lme,3,0,train,0.8962429535432886,0.9231492825247757,0.9096961180340322
mlp256-ord0.5-s2-tr8k/lme,3,0,val,0.9434059433786846,0.5488095238095239,0.7461077335941042
mlp256-ord0.5-s2-tr8k/lme,3,0,test,0.7799374221488127,0.6302648352916692,0.7051011287202409
mlp256-ord0.5-s2-tr8k/lme,3,1,train,0.9798417536271898,0.9837542220366917,0.9817979878319407
mlp256-ord0.5-s2-tr8k/lme,3,1,val,0.8854173108081829,0.5198149810177115,0.7026161459129472
mlp256-ord0.5-s2-tr8k/lme,3,1,test,0.8457438743962049,0.6991876540654589,0.7724657642308319
mlp256-ord0.5-s2-tr8k/lme,3,2,train,0.9181310004299177,0.9293391113508086,0.9237350558903632
mlp256-ord0.5-s2-tr8k/lme,3,2,val,0.9464544429449272,0.9265737702632071,0.9365141066040672
mlp256-ord0.5-s2-tr8k/lme,3,2,test,0.7861416464769524,0.834562841899307,0.8103522441881297
mlp256-ord0.5-s2-tr8k/lme,3,3,train,0.9712658820852081,0.9826097135261684,0.9769377978056883
mlp256-ord0.5-s2-tr8k/lme,3,3,val,0.9013515490623298,0.8605347219491564,0.8809431355057431
mlp256-ord0.5-s2-tr8k/lme,3,3,test,0.803632445673277,0.7304845118183458,0.7670584787458115
mlp256-ord0.5-s2-tr8k/lme,3,4,train,0.9240650573531071,0.8791193389003259,0.9015921981267165
mlp256-ord0.5-s2-tr8k/lme,3,4,val,0.861316834955159,0.8602119593976673,0.8607643971764132
mlp256-ord0.5-s2-tr8k/lme,3,4,test,0.7338332619644066,0.8434170588523826,0.7886251604083946
mlp256-ord0.5-s2-tr8k/lme,4,0,train,1.0,0.9997077732320281,0.999853886616014
mlp256-ord0.5-s2-tr8k/lme,4,0,val,0.9525741788950424,0.5005787037037037,0.726576441299373
mlp256-ord0.5-s2-tr8k/lme,4,0,test,0.6265571990559764,0.6781868692663593,0.6523720341611678
mlp256-ord0.5-s2-tr8k/lme,4,1,train,0.9736563800949981,0.9770448022395324,0.9753505911672653
mlp256-ord0.5-s2-tr8k/lme,4,1,val,0.8833893619705198,0.5367583322182985,0.7100738470944091
mlp256-ord0.5-s2-tr8k/lme,4,1,test,0.8211166637234406,0.7074799377576365,0.7642983007405386
mlp256-ord0.5-s2-tr8k/lme,4,2,train,0.9033084764454217,0.9142804678950005,0.908794472170211
mlp256-ord0.5-s2-tr8k/lme,4,2,val,0.9344044495446007,0.9238536283778257,0.9291290389612132
mlp256-ord0.5-s2-tr8k/lme,4,2,test,0.7594069089187262,0.8353139489097443,0.7973604289142353
mlp256-ord0.5-s2-tr8k/lme,4,3,train,1.0,1.0,1.0
mlp256-ord0.5-s2-tr8k/lme,4,3,val,0.9184118126088101,0.8729398439416899,0.8956758282752499
mlp256-ord0.5-s2-tr8k/lme,4,3,test,0.6111391923684438,0.7119028965196762,0.66152104444406
mlp256-ord0.5-s2-tr8k/lme,4,4,train,0.955650772336581,0.8903962633462701,0.9230235178414256
mlp256-ord0.5-s2-tr8k/lme,4,4,val,0.8408168158981385,0.9042070463169126,0.8725119311075256
mlp256-ord0.5-s2-tr8k/lme,4,4,test,0.814074023988004,0.7587611666449675,0.7864175953164858
