comparison,linear,mlp,macro_a,macro_b,d,lo,hi
bin / mean,linear-bin-s2/mean,mlp256-bin-s2/mean,0.7268697160394808,0.7198416927008865,-0.007028023338594314,-0.04247762166179885,0.016400132307558473
bin / max,linear-bin-s2/max,mlp256-bin-s2/max,0.7880076617869871,0.7170175709018993,-0.07099009088508779,-0.11946926217587911,-0.006469769248215595
bin / lme,linear-bin-s2/lme,mlp256-bin-s2/lme,0.7639286975393538,0.6929596311394486,-0.07096906639990519,-0.11142778194588775,-0.016200788725792774
bin / linear_softmax,linear-bin-s2/linear_softmax,mlp256-bin-s2/linear_softmax,0.7206526052666684,0.6871631280501587,-0.033489477216509744,-0.09857499359567874,0.04726986413861522
bin / attention,linear-bin-s2/attention,mlp256-bin-s2/attention,0.6572988723100921,0.6536990922599375,-0.0035997800501545996,-0.03621101506516954,0.04019490459573017
ord0.5 / mean,linear-ord0.5-s2/mean,mlp256-ord0.5-s2/mean,0.7320785212603013,0.6971304291093068,-0.03494809215099448,-0.08040890836335775,-0.00022650768098047864
ord0.5 / max,linear-ord0.5-s2/max,mlp256-ord0.5-s2/max,0.8078975070299682,0.7138086818913429,-0.09408882513862526,-0.13873825755564403,-0.02900474017305936
ord0.5 / lme,linear-ord0.5-s2/lme,mlp256-ord0.5-s2/lme,0.7781720819562614,0.7258349210810343,-0.05233716087522711,-0.08477709696263826,-0.00805926173457023
ord0.5 / linear_softmax,linear-ord0.5-s2/linear_softmax,mlp256-ord0.5-s2/linear_softmax,0.7213024926902516,0.7023195570038021,-0.018982935686449487,-0.07950735654424379,0.05180503599819058
ord0.5 / attention,linear-ord0.5-s2/attention,mlp256-ord0.5-s2/attention,0.6579720917055023,0.6605169468227972,0.002544855117294853,-0.038060206207270506,0.06042455692506269
