comparison,binary,ordinal,macro_a,macro_b,d,lo,hi
linear / mean,linear-bin-s2/mean,linear-ord0.25-s2/mean,0.7268697160394808,0.7293030060221695,0.002433289982688658,-0.0036408860516629143,0.008574181419670058
linear / max,linear-bin-s2/max,linear-ord0.25-s2/max,0.7880076617869871,0.800876314687949,0.012868652900961841,-0.004905605997229298,0.0297547710237357
linear / lme,linear-bin-s2/lme,linear-ord0.25-s2/lme,0.7639286975393538,0.778849535608249,0.014920838068895215,-0.0018476759384770695,0.026941244298558025
linear / linear_softmax,linear-bin-s2/linear_softmax,linear-ord0.25-s2/linear_softmax,0.7206526052666684,0.7220567814366299,0.0014041761699614685,-0.009109879448233396,0.01385417074669869
linear / attention,linear-bin-s2/attention,linear-ord0.25-s2/attention,0.6572988723100921,0.6597266265150452,0.0024277542049531142,-0.014018684924675593,0.01468141602805348
linear / mean,linear-bin-s2/mean,linear-ord0.5-s2/mean,0.7268697160394808,0.7320785212603013,0.005208805220820456,-0.0043801248956261635,0.013419794713860787
linear / max,linear-bin-s2/max,linear-ord0.5-s2/max,0.7880076617869871,0.8078975070299682,0.019889845242981097,-0.0014534993878415113,0.04321388943665371
linear / lme,linear-bin-s2/lme,linear-ord0.5-s2/lme,0.7639286975393538,0.7781720819562614,0.014243384416907645,-0.0069254255658676486,0.030535915451606246
linear / linear_softmax,linear-bin-s2/linear_softmax,linear-ord0.5-s2/linear_softmax,0.7206526052666684,0.7213024926902516,0.0006498874235831842,-0.013200935621882293,0.014492117516352526
linear / attention,linear-bin-s2/attention,linear-ord0.5-s2/attention,0.6572988723100921,0.6579720917055023,0.0006732193954102073,-0.017942546614977215,0.01659105429090829
linear / mean,linear-bin-s2/mean,linear-ord1-s2/mean,0.7268697160394808,0.7333341358803136,0.006464419840832791,-0.008695835582350835,0.019817350256271186
linear / max,linear-bin-s2/max,linear-ord1-s2/max,0.7880076617869871,0.8065529735932981,0.018545311806311027,-0.005203300335384908,0.04164677206292254
linear / lme,linear-bin-s2/lme,linear-ord1-s2/lme,0.7639286975393538,0.7773561393914991,0.013427441852145283,-0.010094531389369494,0.03261775881739647
linear / linear_softmax,linear-bin-s2/linear_softmax,linear-ord1-s2/linear_softmax,0.7206526052666684,0.7201102259099792,-0.0005423793566892154,-0.015074053275085517,0.014152077379046722
linear / attention,linear-bin-s2/attention,linear-ord1-s2/attention,0.6572988723100921,0.6346079615958948,-0.022690910714197265,-0.05150084867396168,0.0013689110763329844
linear / mean,linear-bin-s2/mean,linear-ord2-s2/mean,0.7268697160394808,0.7306968006252422,0.00382708458576142,-0.01934224029233065,0.022740423380127786
linear / max,linear-bin-s2/max,linear-ord2-s2/max,0.7880076617869871,0.8090771765295928,0.021069514742605655,-0.007465835641981877,0.0486499180034617
linear / lme,linear-bin-s2/lme,linear-ord2-s2/lme,0.7639286975393538,0.7810903775938777,0.017161680054523898,-0.01239618428371921,0.04090395856797568
linear / linear_softmax,linear-bin-s2/linear_softmax,linear-ord2-s2/linear_softmax,0.7206526052666684,0.7217808747763688,0.0011282695097003526,-0.013662727907608386,0.01591717890158177
linear / attention,linear-bin-s2/attention,linear-ord2-s2/attention,0.6572988723100921,0.620423573899803,-0.03687529841028914,-0.06740073613538211,-0.01075738959003554
mlp256 / mean,mlp256-bin-s2/mean,mlp256-ord0.5-s2/mean,0.7198416927008865,0.6971304291093068,-0.02271126359157971,-0.04835801485542126,0.0013071431123586666
mlp256 / max,mlp256-bin-s2/max,mlp256-ord0.5-s2/max,0.7170175709018993,0.7138086818913429,-0.0032088890105563816,-0.04102279537062896,0.03275792156915665
mlp256 / lme,mlp256-bin-s2/lme,mlp256-ord0.5-s2/lme,0.6929596311394486,0.7258349210810343,0.03287528994158573,0.0034705310226777865,0.05281749004510092
mlp256 / linear_softmax,mlp256-bin-s2/linear_softmax,mlp256-ord0.5-s2/linear_softmax,0.6871631280501587,0.7023195570038021,0.015156428953643442,-0.025496385230016173,0.0518598913358532
mlp256 / attention,mlp256-bin-s2/attention,mlp256-ord0.5-s2/attention,0.6536990922599375,0.6605169468227972,0.00681785456285966,-0.010042838552592744,0.023554019851547058
