precision,model_id,macro_recall,macro_lo,macro_hi,gastrotheca_recall,oreobates_recall,gastrotheca_test_precision,oreobates_test_precision,gastrotheca_oracle_recall,oreobates_oracle_recall,no_cutoff,macro_best,macro_d,macro_d_lo,macro_d_hi,gastrotheca_best,gastrotheca_d,gastrotheca_d_lo,gastrotheca_d_hi,oreobates_best,oreobates_d,oreobates_d_lo,oreobates_d_hi
0.8,linear-ord0.25-s2/linear_softmax,0.7297491039426522,0.6186130097972203,0.8346786833855798,0.711111111111111,0.7483870967741936,0.3995951210396182,0.9633106575963719,0.10000000149011612,0.96774185,0,linear-ord0.25-s2/linear_softmax,0.0,0.0,0.0,linear-bin-s2/lme,-0.07777777777777795,-0.21002777777777765,0.015384615384615552,mlp256-bin-s2/mean,-0.01935483870967747,-0.09433962264150941,0.052007692307692206
0.8,linear-ord2-s2/linear_softmax,0.7247311827956989,0.6086558938817499,0.8357578502415458,0.7333333333333334,0.7161290322580645,0.4081490426082457,0.982482406949255,0.111111119389534,0.96451604,0,linear-ord0.25-s2/linear_softmax,-0.005017921146953319,-0.03500122549019611,0.030437070938215245,linear-bin-s2/lme,-0.05555555555555558,-0.2002083333333335,0.07499999999999996,mlp256-bin-s2/mean,-0.05161290322580658,-0.1306727272727273,0.019672131147540965
0.8,linear-ord0.5-s2/mean,0.7145161290322579,0.5987814941871545,0.8233545008912655,0.7,0.729032258064516,0.43803079259141553,0.9459849755505039,0.13333334028720856,0.9290322,0,linear-ord0.25-s2/linear_softmax,-0.015232974910394326,-0.06421401515151516,0.030234847911622287,linear-bin-s2/lme,-0.08888888888888902,-0.2235661764705882,0.0,mlp256-bin-s2/mean,-0.03870967741935505,-0.10000000000000009,0.015631200396825366
0.8,linear-ord1-s2/linear_softmax,0.7145161290322579,0.5999941724941725,0.8263974567099566,0.7,0.729032258064516,0.41549446594758377,0.9870325596389424,0.08888889104127884,0.97096765,0,linear-ord0.25-s2/linear_softmax,-0.015232974910394326,-0.04919229238194765,0.01607440476190469,linear-bin-s2/lme,-0.08888888888888902,-0.23479539641943753,0.033333333333333326,mlp256-bin-s2/mean,-0.03870967741935505,-0.12281376518218606,0.0363729128014843
0.8,linear-ord0.5-s2/linear_softmax,0.7137992831541218,0.6005603448275862,0.8206283517011707,0.6888888888888889,0.7387096774193548,0.4089326115061409,0.9872878787878786,0.08888889104127884,0.96774185,0,linear-ord0.25-s2/linear_softmax,-0.015949820788530467,-0.04067962746050349,0.004086413425939999,linear-bin-s2/lme,-0.10000000000000009,-0.23814285714285718,0.013357142857142701,mlp256-bin-s2/mean,-0.02903225806451626,-0.10493659140117541,0.044134108867427545
0.8,linear-bin-s2/linear_softmax,0.7041218637992831,0.5969765406162465,0.8100357142857142,0.6888888888888889,0.7193548387096773,0.40514610389610395,0.9709586859133896,0.111111119389534,0.948387,0,linear-ord0.25-s2/linear_softmax,-0.025627240143369145,-0.049616803278688525,-0.0037297077922076732,linear-bin-s2/lme,-0.10000000000000009,-0.23814285714285718,0.013357142857142918,mlp256-bin-s2/mean,-0.04838709677419373,-0.11866304072856049,0.020588235294117577
0.8,linear-ord1-s2/mean,0.7025089605734767,0.5866616541353383,0.8109459377052256,0.6888888888888889,0.7161290322580646,0.4236675510869059,0.9448997136996988,0.1666666567325592,0.9354838,0,linear-ord0.25-s2/linear_softmax,-0.027240143369175573,-0.07815390423250315,0.02060049019607829,linear-bin-s2/lme,-0.10000000000000009,-0.23001923076923075,-0.01111111111111118,mlp256-bin-s2/mean,-0.05161290322580647,-0.114705882352941,0.00606534090909092
0.8,linear-ord2-s2/lme,0.7023297491039426,0.6010261145104896,0.799583570599138,0.711111111111111,0.6935483870967742,0.4450487102274289,0.9513257153474545,0.25555557012557983,0.96129036,0,linear-ord0.25-s2/linear_softmax,-0.02741935483870961,-0.09823650131694471,0.05588529411764696,linear-bin-s2/lme,-0.07777777777777795,-0.14736842105263148,-0.018181818181818188,mlp256-bin-s2/mean,-0.0741935483870968,-0.15410953800298072,-0.0029818763326225415
0.8,linear-ord2-s2/mean,0.6930107526881721,0.5782643188854488,0.802339119896497,0.6666666666666667,0.7193548387096774,0.4283877361463569,0.9453033523059278,0.17777778208255768,0.9419354,0,linear-ord0.25-s2/linear_softmax,-0.036738351254480106,-0.08767700640862408,0.009844401222561765,linear-bin-s2/lme,-0.12222222222222223,-0.2533333333333334,-0.02222222222222225,mlp256-bin-s2/mean,-0.048387096774193616,-0.10848201011002077,0.006362889983579753
0.8,linear-ord0.5-s2/lme,0.6915770609318996,0.5864547697368421,0.7907250096511121,0.7444444444444445,0.6387096774193548,0.4465762379074393,0.9564396114918763,0.24444444477558136,0.94838715,0,linear-ord0.25-s2/linear_softmax,-0.03817204301075261,-0.11094086902680655,0.04608426598104448,linear-bin-s2/lme,-0.04444444444444451,-0.10008620689655191,0.0,mlp256-bin-s2/mean,-0.12903225806451624,-0.21668103448275863,-0.05230000000000001
0.8,linear-bin-s2/mean,0.6906810035842293,0.5755320139488065,0.8054570707070706,0.6555555555555554,0.7258064516129032,0.4138248847926267,0.9376995464852607,0.12222222238779068,0.9225806,0,linear-ord0.25-s2/linear_softmax,-0.0390681003584229,-0.09093687086568873,0.0075364635364635925,linear-bin-s2/lme,-0.13333333333333353,-0.2900416666666667,-0.01333333333333342,mlp256-bin-s2/mean,-0.041935483870967794,-0.10322580645161283,0.013799153055051526
0.8,linear-ord0.25-s2/mean,0.6881720430107527,0.5712251461988305,0.8018190235690235,0.6666666666666666,0.7096774193548387,0.4203174603174603,0.9484314305432318,0.14444443583488464,0.9258064,0,linear-ord0.25-s2/linear_softmax,-0.0415770609318995,-0.09250000000000003,0.004170061929595793,linear-bin-s2/lme,-0.12222222222222234,-0.2666666666666667,-0.01333333333333342,mlp256-bin-s2/mean,-0.058064516129032295,-0.12728056426332293,0.0031814449917898766
0.8,linear-ord1-s2/lme,0.682258064516129,0.5760802744119743,0.7869380099067598,0.7,0.6645161290322581,0.4507900432900433,0.9494854001840611,0.24444444477558136,0.95161295,0,linear-ord0.25-s2/linear_softmax,-0.04749103942652322,-0.12362953067879692,0.04066565452091764,linear-bin-s2/lme,-0.08888888888888902,-0.16666666666666674,-0.025000000000000022,mlp256-bin-s2/mean,-0.10322580645161294,-0.1896794181034482,-0.02388059701492539
0.8,mlp256-bin-s2/mean,0.6727598566308244,0.556098424026167,0.7909415584415582,0.5777777777777777,0.767741935483871,0.44228734228734223,0.9313956512220581,0.15555556118488312,0.95483875,0,linear-ord0.25-s2/linear_softmax,-0.05698924731182786,-0.13727314242629166,0.010268052944862173,linear-bin-s2/lme,-0.21111111111111125,-0.38753472222222224,-0.0625,mlp256-bin-s2/mean,0.0,0.0,0.0
0.8,mlp256-ord0.5-s2/mean,0.6582437275985663,0.5439700056593095,0.7718308023455083,0.5777777777777778,0.7387096774193548,0.4314981684981685,0.9276305268607103,0.08888889104127884,0.94516134,0,linear-ord0.25-s2/linear_softmax,-0.07150537634408594,-0.15347318007662827,-0.0016607142857142478,linear-bin-s2/lme,-0.21111111111111114,-0.3750367647058824,-0.07056265984654743,mlp256-bin-s2/mean,-0.02903225806451626,-0.07273448773448786,0.014708605664487952
0.8,linear-bin-s2/lme,0.657347670250896,0.544394141538538,0.7636801242236023,0.788888888888889,0.5258064516129032,0.4509316475042281,0.9638018473881852,0.15555555894970893,0.95483875,0,linear-ord0.25-s2/linear_softmax,-0.07240143369175622,-0.14211032388663966,0.009264671970482969,linear-bin-s2/lme,0.0,0.0,0.0,mlp256-bin-s2/mean,-0.24193548387096786,-0.34445402298850575,-0.14997881355932208
0.8,linear-ord0.25-s2/lme,0.6546594982078853,0.5466641483516483,0.7610439618644066,0.7222222222222222,0.5870967741935483,0.4538186123911931,0.9532587532587533,0.23333334922790527,0.95483875,0,linear-ord0.25-s2/linear_softmax,-0.07508960573476697,-0.14808441111722612,0.006856060606060482,linear-bin-s2/lme,-0.06666666666666676,-0.13333333333333341,-0.010526315789473828,mlp256-bin-s2/mean,-0.1806451612903227,-0.28254761904761916,-0.09179633231453205
0.8,mlp256-ord0.5-s2/lme,0.650716845878136,0.5426430103291316,0.760141896458112,0.611111111111111,0.6903225806451612,0.48269891028511724,0.9600690579262008,0.07777778059244156,0.96129036,0,linear-ord0.25-s2/linear_softmax,-0.07903225806451619,-0.16340262839057437,0.002911136436690831,linear-bin-s2/lme,-0.17777777777777792,-0.3047619047619048,-0.07058823529411762,mlp256-bin-s2/mean,-0.07741935483870988,-0.15484098137210364,-0.010344827586207028
0.8,linear-ord2-s2/max,0.6440860215053763,0.5245431804187192,0.7570511813874774,0.6333333333333333,0.6548387096774193,0.5058528138528138,0.9585918070948019,0.3333333432674408,0.95483863,0,linear-ord0.25-s2/linear_softmax,-0.08566308243727594,-0.19561536933197932,0.02359393302775635,linear-bin-s2/lme,-0.15555555555555567,-0.32307692307692315,-0.022222222222222362,mlp256-bin-s2/mean,-0.11290322580645173,-0.21589285714285716,-0.02497500000000005
0.8,linear-ord0.5-s2/max,0.6349462365591398,0.5070928961748634,0.7534649526198438,0.6666666666666666,0.603225806451613,0.4902857142857143,0.9490635449795972,0.3333333432674408,0.9741936,0,linear-ord0.25-s2/linear_softmax,-0.0948028673835124,-0.20806091165792664,0.020809137757667122,linear-bin-s2/lme,-0.12222222222222234,-0.3,0.012499999999999956,mlp256-bin-s2/mean,-0.1645161290322581,-0.2666666666666666,-0.07450189753320684
0.8,linear-ord1-s2/max,0.6295698924731182,0.5065111649904215,0.7433368421052631,0.6333333333333333,0.6258064516129032,0.49000000000000005,0.946186232068585,0.3333333432674408,0.97096765,0,linear-ord0.25-s2/linear_softmax,-0.10017921146953401,-0.20956088751289997,0.011269841269841183,linear-bin-s2/lme,-0.15555555555555567,-0.3230769230769231,-0.022222222222222362,mlp256-bin-s2/mean,-0.14193548387096788,-0.24063878676470596,-0.05517241379310356
0.8,linear-ord0.25-s2/max,0.6093189964157706,0.48240862573099413,0.7238162182486629,0.6444444444444445,0.5741935483870968,0.48821879382889205,0.9467567567567567,0.3222222328186035,0.96451616,0,linear-ord0.25-s2/linear_softmax,-0.12043010752688166,-0.22960355392156864,-0.004270632000198321,linear-bin-s2/lme,-0.1444444444444445,-0.3142857142857143,-0.012465277777777926,mlp256-bin-s2/mean,-0.19354838709677424,-0.30141170097508135,-0.09301910299003319
0.8,mlp256-bin-s2/lme,0.6050179211469533,0.49611008706565224,0.7112438206317009,0.5777777777777777,0.632258064516129,0.4626177743824803,0.9609977319055745,0.0,0.96774197,0,linear-ord0.25-s2/linear_softmax,-0.12473118279569895,-0.2179370771801007,-0.026864488841518378,linear-bin-s2/lme,-0.21111111111111125,-0.3500000000000001,-0.09230769230769231,mlp256-bin-s2/mean,-0.13548387096774206,-0.2280017543859648,-0.052933436532507594
0.8,linear-bin-s2/max,0.5948028673835125,0.464999177631579,0.7110124331550802,0.6444444444444444,0.5451612903225806,0.5011097308488612,0.9440739899563428,0.2666666805744171,0.9774194,0,linear-ord0.25-s2/linear_softmax,-0.13494623655913973,-0.253729755538579,-0.012945138888889087,linear-bin-s2/lme,-0.1444444444444446,-0.3200555555555557,0.0,mlp256-bin-s2/mean,-0.2225806451612904,-0.3301656314699793,-0.12120068610634654
0.8,mlp256-bin-s2/attention,0.5844086021505377,0.49173301217038545,0.6855154951911069,0.4333333333333334,0.735483870967742,0.3801344269765322,0.9422752389424106,0.02222222238779068,0.96129036,0,linear-ord0.25-s2/linear_softmax,-0.14534050179211455,-0.23108678578958466,-0.06207492507492508,linear-bin-s2/lme,-0.35555555555555557,-0.5222222222222221,-0.18461538461538463,mlp256-bin-s2/mean,-0.032258064516129004,-0.10312752016129034,0.03019667412855746
0.8,mlp256-ord0.5-s2/max,0.5826164874551971,0.4831867212402202,0.6852483747880157,0.45555555555555555,0.7096774193548386,0.4581917211328975,0.9603609639409825,0.06666666716337204,0.95161283,0,linear-ord0.25-s2/linear_softmax,-0.14713261648745513,-0.23448607427055715,-0.060174890350877294,linear-bin-s2/lme,-0.3333333333333334,-0.48,-0.20000000000000007,mlp256-bin-s2/mean,-0.058064516129032406,-0.13898673544583653,0.013333333333333312
0.8,linear-bin-s2/attention,0.5718637992831541,0.4862654916247009,0.6646176470588235,0.38888888888888895,0.7548387096774194,0.3786135161135161,0.9376705196659432,0.10000000149011612,0.9,0,linear-ord0.25-s2/linear_softmax,-0.15788530465949813,-0.23492559523809528,-0.07848073736536863,linear-bin-s2/lme,-0.4,-0.5529638009049774,-0.24346273291925477,mlp256-bin-s2/mean,-0.012903225806451646,-0.07542114188807231,0.045461038961038994
0.8,linear-ord0.25-s2/attention,0.5702508960573477,0.479783994443587,0.6662701465201466,0.38888888888888895,0.7516129032258064,0.3685714285714286,0.9515081678156212,0.14444443583488464,0.8967742,0,linear-ord0.25-s2/linear_softmax,-0.15949820788530455,-0.2378814223057643,-0.07837474713135739,linear-bin-s2/lme,-0.4,-0.5411764705882351,-0.24761904761904768,mlp256-bin-s2/mean,-0.016129032258064613,-0.08519841269841254,0.044452736318408084
0.8,mlp256-ord0.5-s2/attention,0.5689964157706093,0.48211123856754423,0.6577083333333332,0.4444444444444445,0.6935483870967742,0.3851241005740157,0.9748564614414154,0.01111111119389534,0.9774194,0,linear-ord0.25-s2/linear_softmax,-0.1607526881720429,-0.23270261250953478,-0.08892376373626369,linear-bin-s2/lme,-0.3444444444444445,-0.4857142857142857,-0.20000000000000007,mlp256-bin-s2/mean,-0.0741935483870968,-0.14193548387096777,-0.013553672316384114
0.8,linear-ord0.5-s2/attention,0.5487455197132616,0.4581543560606061,0.6464125582944703,0.3555555555555555,0.7419354838709677,0.369047619047619,0.9391682626538987,0.13333334028720856,0.88709676,0,linear-ord0.25-s2/linear_softmax,-0.18100358422939067,-0.2650442976442026,-0.10007789379876254,linear-bin-s2/lme,-0.43333333333333346,-0.6,-0.2666666666666666,mlp256-bin-s2/mean,-0.02580645161290329,-0.09032866707242838,0.0333490566037736
0.8,linear-ord1-s2/attention,0.5313620071684587,0.44285714285714284,0.6329927351933922,0.31111111111111106,0.7516129032258064,0.37277629233511583,0.9470969775933344,0.10000000149011612,0.8967742,0,linear-ord0.25-s2/linear_softmax,-0.19838709677419353,-0.2834284655300224,-0.11086595922271825,linear-bin-s2/lme,-0.4777777777777779,-0.6500462962962964,-0.299880952380953,mlp256-bin-s2/mean,-0.016129032258064613,-0.08711632453567943,0.04688733552631572
0.8,mlp256-bin-s2/max,0.5293906810035842,0.42333189655172415,0.6303612012987012,0.45555555555555555,0.6032258064516128,0.4374760430487984,0.9567909867909868,0.10000000223517418,0.96129024,0,linear-ord0.25-s2/linear_softmax,-0.20035842293906803,-0.3000049603174604,-0.09577228786251353,linear-bin-s2/lme,-0.3333333333333334,-0.4933529411764706,-0.19047619047619052,mlp256-bin-s2/mean,-0.1645161290322582,-0.2575770416024654,-0.08115171137835335
0.8,linear-ord2-s2/attention,0.49964157706093193,0.41718903186274503,0.5949590773809524,0.24444444444444446,0.7548387096774194,0.3182037570272864,0.9294053005817713,0.055555559694767,0.9,0,linear-ord0.25-s2/linear_softmax,-0.23010752688172031,-0.32304838460808066,-0.13157894736842102,linear-bin-s2/lme,-0.5444444444444445,-0.7333333333333332,-0.3538461538461538,mlp256-bin-s2/mean,-0.012903225806451646,-0.08135907093534185,0.05001760563380287
0.8,mlp256-ord0.5-s2/linear_softmax,0.471326164874552,0.36624868986479403,0.579051948051948,0.5555555555555556,0.3870967741935484,0.5090753311240591,0.9496610845295055,0.07777778059244156,0.95161283,1,linear-ord0.25-s2/linear_softmax,-0.25842293906810027,-0.3508822239422085,-0.17786061507936515,linear-bin-s2/lme,-0.2333333333333334,-0.4105263157894736,-0.08748641304347836,mlp256-bin-s2/mean,-0.38064516129032266,-0.45819278996865215,-0.3018819955228653
0.8,mlp256-bin-s2/linear_softmax,0.37562724014336923,0.26832456140350874,0.48546316964285713,0.5222222222222223,0.22903225806451616,0.5237368421052632,0.9307407407407406,0.0888888917863369,0.96774197,0,linear-ord0.25-s2/linear_softmax,-0.354121863799283,-0.45642156862745104,-0.24901523535013007,linear-bin-s2/lme,-0.2666666666666667,-0.42610144927536225,-0.12628289473684223,mlp256-bin-s2/mean,-0.5387096774193549,-0.6291013412816691,-0.4463602484472051
0.9,linear-ord2-s2/linear_softmax,0.6302867383512545,0.5070121635610766,0.7469180483086306,0.6444444444444444,0.6161290322580645,0.41688560481663933,1.0,0.111111119389534,0.87741935,0,linear-ord2-s2/linear_softmax,0.0,0.0,0.0,linear-ord2-s2/linear_softmax,0.0,0.0,0.0,mlp256-bin-s2/mean,-0.048387096774193616,-0.12452984843798322,0.028581780538302227
0.9,mlp256-bin-s2/mean,0.6044802867383513,0.4799983552631578,0.729308041724649,0.5444444444444445,0.6645161290322581,0.45405608883869747,0.9607615162332144,0.14444443583488464,0.81935483,0,linear-ord2-s2/linear_softmax,-0.02580645161290318,-0.09763128471727688,0.03235661764705869,linear-ord2-s2/linear_softmax,-0.09999999999999987,-0.22666666666666652,-0.016666666666666715,mlp256-bin-s2/mean,0.0,0.0,0.0
0.9,mlp256-ord0.5-s2/mean,0.6003584229390682,0.47897919535707256,0.7229274386993603,0.5555555555555556,0.6451612903225806,0.4337991718426501,0.9631363181978643,0.08888889104127884,0.8064516,0,linear-ord2-s2/linear_softmax,-0.029928315412186324,-0.10270557573972243,0.02650736127040765,linear-ord2-s2/linear_softmax,-0.0888888888888888,-0.21666666666666656,-0.011111111111111072,mlp256-bin-s2/mean,-0.01935483870967747,-0.050000000000000044,0.01333333333333342
0.9,linear-ord0.5-s2/mean,0.58584229390681,0.46327970575022465,0.7053651574364157,0.5555555555555556,0.6161290322580645,0.41290283790283794,0.9601937771257412,0.13333334028720856,0.8741935,0,linear-ord2-s2/linear_softmax,-0.04444444444444451,-0.10079494478950987,0.011885033444815996,linear-ord2-s2/linear_softmax,-0.0888888888888888,-0.18461538461538463,-0.011111111111111072,mlp256-bin-s2/mean,-0.048387096774193616,-0.11233304794520557,0.015390625000000022
0.9,linear-ord1-s2/linear_softmax,0.5844086021505376,0.46472704586701863,0.7,0.6333333333333333,0.5354838709677419,0.4194358693669038,1.0,0.08888889104127884,0.8548387,0,linear-ord2-s2/linear_softmax,-0.0458781362007169,-0.07507862120852153,-0.017762121212121184,linear-ord2-s2/linear_softmax,-0.011111111111111072,-0.04999999999999999,0.026101449275362308,mlp256-bin-s2/mean,-0.12903225806451624,-0.22091858887381274,-0.035987096774193546
0.9,linear-ord2-s2/mean,0.5815412186379929,0.463053739574926,0.698807861900741,0.5888888888888889,0.5741935483870968,0.4169422767248854,0.9578966776950647,0.14444443583488464,0.84516126,0,linear-ord2-s2/linear_softmax,-0.048745519713261576,-0.09917391304347822,-0.0013751306165098876,linear-ord2-s2/linear_softmax,-0.05555555555555547,-0.13684210526315788,0.011111111111111073,mlp256-bin-s2/mean,-0.0903225806451613,-0.14901960784313717,-0.034909688013136334
0.9,linear-ord1-s2/mean,0.5768817204301075,0.455446964017991,0.6991229566453447,0.5666666666666667,0.5870967741935484,0.4190968660968661,0.9634646191182694,0.14444443583488464,0.8580645,0,linear-ord2-s2/linear_softmax,-0.053405017921146936,-0.1055737125070741,-0.0027092615339774054,linear-ord2-s2/linear_softmax,-0.07777777777777772,-0.1599999999999998,-0.011111111111111072,mlp256-bin-s2/mean,-0.07741935483870965,-0.1372563652326603,-0.020864937607047003
0.9,linear-ord0.25-s2/mean,0.5691756272401434,0.4437382650029708,0.6939964494569757,0.5222222222222223,0.6161290322580645,0.4196803196803197,0.9553860213020735,0.13333334028720856,0.84838706,0,linear-ord2-s2/linear_softmax,-0.061111111111111116,-0.13764761096746386,0.009477226720647738,linear-ord2-s2/linear_softmax,-0.12222222222222212,-0.26666666666666655,-0.011111111111111072,mlp256-bin-s2/mean,-0.048387096774193616,-0.11516335227272735,0.015172727272727143
0.9,linear-bin-s2/mean,0.5652329749103941,0.4342293771043771,0.6891094882246375,0.5111111111111111,0.6193548387096773,0.41253246753246764,0.9553562780342967,0.12222222238779068,0.8064516,0,linear-ord2-s2/linear_softmax,-0.06505376344086033,-0.14315257352941171,0.0069148351648350625,linear-ord2-s2/linear_softmax,-0.1333333333333333,-0.27371710526315784,-0.012465277777777926,mlp256-bin-s2/mean,-0.04516129032258076,-0.09830647402056115,0.01017387492694345
0.9,linear-ord0.5-s2/lme,0.52168458781362,0.4004505347593583,0.642798534501406,0.5111111111111111,0.532258064516129,0.49610366104483755,0.9719682128850209,0.222222238779068,0.916129,0,linear-ord2-s2/linear_softmax,-0.10860215053763445,-0.1958630952380953,-0.025751217909062863,linear-ord2-s2/linear_softmax,-0.1333333333333333,-0.29335294117647054,0.0,mlp256-bin-s2/mean,-0.1322580645161291,-0.22388059701492535,-0.04347238542890728
0.9,linear-ord0.25-s2/linear_softmax,0.5121863799283155,0.3868334057761035,0.6361237179487179,0.5888888888888889,0.435483870967742,0.4186813186813187,1.0,0.10000000149011612,0.8516129,0,linear-ord2-s2/linear_softmax,-0.11810035842293898,-0.17296599148802025,-0.06976002984084868,linear-ord2-s2/linear_softmax,-0.05555555555555547,-0.12503289473684215,0.0,mlp256-bin-s2/mean,-0.2290322580645161,-0.3212146050670641,-0.14033416875522142
0.9,linear-ord1-s2/lme,0.500179211469534,0.38318557422969185,0.6159517321708784,0.47777777777777775,0.5225806451612903,0.5375000000000001,0.9834935897435898,0.20000000298023224,0.9064516,0,linear-ord2-s2/linear_softmax,-0.13010752688172045,-0.2153285762214822,-0.05269161442006271,linear-ord2-s2/linear_softmax,-0.16666666666666663,-0.3158114035087719,-0.035281329923273715,mlp256-bin-s2/mean,-0.14193548387096777,-0.2298620533695161,-0.05936603483606558
0.9,linear-ord0.25-s2/lme,0.49444444444444446,0.37376838235294124,0.609944975490196,0.48888888888888893,0.5,0.5325757575757576,0.9687255620723363,0.21111111342906952,0.9129032,0,linear-ord2-s2/linear_softmax,-0.13584229390681002,-0.22856316954074965,-0.04217400480550675,linear-ord2-s2/linear_softmax,-0.15555555555555545,-0.315811403508772,0.0,mlp256-bin-s2/mean,-0.1645161290322581,-0.25965789473684214,-0.06956521739130439
0.9,linear-bin-s2/lme,0.48853046594982086,0.3635,0.6066929824561402,0.5222222222222223,0.4548387096774194,0.5151326933935629,0.9653803198698835,0.14444444552063943,0.9129032,0,linear-ord2-s2/linear_softmax,-0.14175627240143363,-0.23773253698763033,-0.03888020833333335,linear-ord2-s2/linear_softmax,-0.12222222222222212,-0.28575892857142865,0.039999999999999925,mlp256-bin-s2/mean,-0.2096774193548387,-0.3016964020220042,-0.1200000000000001
0.9,linear-ord0.5-s2/max,0.48655913978494625,0.35633022009289733,0.6114145058464362,0.4666666666666666,0.5064516129032258,0.6106959706959707,0.9462990598538266,0.30000001192092896,0.8548387,0,linear-ord2-s2/linear_softmax,-0.14372759856630823,-0.2544045537795538,-0.03727082822837548,linear-ord2-s2/linear_softmax,-0.17777777777777776,-0.3750367647058824,0.0,mlp256-bin-s2/mean,-0.15806451612903227,-0.264042857142857,-0.048387096774193616
0.9,linear-ord0.5-s2/linear_softmax,0.48584229390681005,0.3683874358855876,0.608361141458366,0.5555555555555556,0.4161290322580645,0.44343129637247286,1.0,0.08888889104127884,0.84516126,0,linear-ord2-s2/linear_softmax,-0.14444444444444443,-0.2060676229508197,-0.08956792401761769,linear-ord2-s2/linear_softmax,-0.0888888888888888,-0.17650326797385624,-0.016650000000000033,mlp256-bin-s2/mean,-0.24838709677419357,-0.34287946428571436,-0.15468834231805942
0.9,linear-ord0.25-s2/max,0.4770609318996416,0.3515022246941046,0.6002144844424255,0.4444444444444445,0.5096774193548387,0.5982251082251082,0.9402052319699379,0.2666666805744171,0.88387096,0,linear-ord2-s2/linear_softmax,-0.15322580645161288,-0.270713262697993,-0.039886022998486426,linear-ord2-s2/linear_softmax,-0.1999999999999999,-0.4,0.0,mlp256-bin-s2/mean,-0.15483870967741942,-0.26349206349206356,-0.045159018627896536
0.9,linear-ord2-s2/lme,0.4727598566308243,0.35637964313769493,0.5943743379237287,0.47777777777777775,0.4677419354838709,0.5313653116749092,0.9851156973108193,0.222222238779068,0.9032258,0,linear-ord2-s2/linear_softmax,-0.15752688172043017,-0.24667433414043577,-0.07727836399711407,linear-ord2-s2/linear_softmax,-0.16666666666666663,-0.32633971291866043,-0.03076923076923077,mlp256-bin-s2/mean,-0.1967741935483872,-0.2766666666666666,-0.11817809239940388
0.9,linear-ord2-s2/max,0.46881720430107526,0.3485460682037345,0.5857386468444484,0.4666666666666666,0.4709677419354839,0.5593686868686869,0.9694949494949496,0.30000001192092896,0.8580645,0,linear-ord2-s2/linear_softmax,-0.16146953405017922,-0.26404464285714274,-0.06381313131313142,linear-ord2-s2/linear_softmax,-0.17777777777777776,-0.3578947368421052,-0.007222222222223246,mlp256-bin-s2/mean,-0.1935483870967742,-0.28525761124121773,-0.1093390376984129
0.9,linear-bin-s2/linear_softmax,0.4673835125448029,0.34779478458049884,0.5881471836986543,0.5444444444444445,0.3903225806451613,0.4209045584045584,1.0,0.111111119389534,0.8548387,0,linear-ord2-s2/linear_softmax,-0.16290322580645156,-0.22933088235294127,-0.10523500026528337,linear-ord2-s2/linear_softmax,-0.09999999999999987,-0.18571428571428572,-0.028538961038961117,mlp256-bin-s2/mean,-0.2741935483870968,-0.363090909090909,-0.18927579365079364
0.9,linear-ord1-s2/max,0.44318996415770606,0.3201329229185637,0.5613526315789473,0.4444444444444445,0.4419354838709677,0.5808150183150184,0.9696653796653797,0.30000001192092896,0.8290323,0,linear-ord2-s2/linear_softmax,-0.18709677419354842,-0.2947382127192982,-0.09112524035037747,linear-ord2-s2/linear_softmax,-0.1999999999999999,-0.38950956937799047,-0.029603174603174683,mlp256-bin-s2/mean,-0.2225806451612904,-0.31821114369501474,-0.12880217556286358
0.9,linear-ord0.5-s2/attention,0.4080645161290323,0.32816369268579915,0.49185947712418293,0.2,0.6161290322580645,0.36414141414141415,0.9713020008214517,0.07777778059244156,0.84516126,0,linear-ord2-s2/linear_softmax,-0.2222222222222222,-0.3233777617894027,-0.12312748015873025,linear-ord2-s2/linear_softmax,-0.44444444444444436,-0.6235661764705882,-0.26666666666666666,mlp256-bin-s2/mean,-0.048387096774193616,-0.13333333333333325,0.03750452898550731
0.9,linear-bin-s2/max,0.39569892473118273,0.2781631577362127,0.5113637254901959,0.4333333333333333,0.35806451612903223,0.6069696969696968,0.9339871417674621,0.20000000298023224,0.8967742,0,linear-ord2-s2/linear_softmax,-0.23458781362007175,-0.35262715349018736,-0.11975614439324131,linear-ord2-s2/linear_softmax,-0.21111111111111108,-0.4,-0.03529411764705881,mlp256-bin-s2/mean,-0.30645161290322587,-0.4285844155844157,-0.1868682871678915
0.9,linear-bin-s2/attention,0.3931899641577061,0.31230483764825534,0.4810496844486782,0.24444444444444446,0.5419354838709677,0.37230769230769234,0.9482173615857826,0.06666667014360428,0.81935483,0,linear-ord2-s2/linear_softmax,-0.2370967741935484,-0.33510704727921503,-0.140595822182575,linear-ord2-s2/linear_softmax,-0.3999999999999999,-0.5777777777777778,-0.22500000000000003,mlp256-bin-s2/mean,-0.12258064516129041,-0.2038461538461538,-0.04285128805620619
0.9,linear-ord0.25-s2/attention,0.3901433691756272,0.30730745863710507,0.47620370370370363,0.22222222222222224,0.5580645161290322,0.34380952380952373,0.9596703296703296,0.07777778059244156,0.83548385,0,linear-ord2-s2/linear_softmax,-0.24014336917562729,-0.3403228423101882,-0.14640338393421884,linear-ord2-s2/linear_softmax,-0.42222222222222217,-0.5894868421052631,-0.2533333333333334,mlp256-bin-s2/mean,-0.10645161290322591,-0.19463713713713715,-0.020881608904629465
0.9,linear-ord1-s2/attention,0.36146953405017923,0.2783481784625261,0.4510473807403278,0.17777777777777776,0.5451612903225806,0.35238095238095235,0.9770634920634921,0.06666667014360428,0.82580644,0,linear-ord2-s2/linear_softmax,-0.26881720430107525,-0.37069355807171056,-0.17067669016759254,linear-ord2-s2/linear_softmax,-0.4666666666666666,-0.6533636363636365,-0.28565476190476224,mlp256-bin-s2/mean,-0.11935483870967745,-0.20000000000000007,-0.041506180871828245
0.9,mlp256-ord0.5-s2/lme,0.35376344086021505,0.27121637426900586,0.4434566907364038,0.23333333333333334,0.4741935483870968,0.425,0.9894663894663894,0.07777778059244156,0.85806453,0,linear-ord2-s2/linear_softmax,-0.27652329749103943,-0.37472742092008593,-0.18355891064884225,linear-ord2-s2/linear_softmax,-0.41111111111111104,-0.5882352941176472,-0.23633689839572203,mlp256-bin-s2/mean,-0.19032258064516128,-0.2655459770114944,-0.11633916083916106
0.9,mlp256-bin-s2/max,0.33548387096774196,0.2563106149315166,0.41473933419521636,0.2,0.4709677419354839,0.5288461538461539,0.9669047619047619,0.04444444477558136,0.87741935,0,linear-ord2-s2/linear_softmax,-0.2948028673835125,-0.4023417793756776,-0.18342791199935957,linear-ord2-s2/linear_softmax,-0.44444444444444436,-0.6353208556149732,-0.24438596491228093,mlp256-bin-s2/mean,-0.1935483870967742,-0.2843952546296296,-0.09995454545454557
0.9,mlp256-ord0.5-s2/max,0.31792114695340506,0.240057144723093,0.4037782630012656,0.17777777777777778,0.4580645161290323,0.4904761904761905,0.9945945945945945,0.03333333358168602,0.9,0,linear-ord2-s2/linear_softmax,-0.3123655913978494,-0.4184661354850919,-0.20866193092621665,linear-ord2-s2/linear_softmax,-0.46666666666666656,-0.6625,-0.2749671052631581,mlp256-bin-s2/mean,-0.20645161290322578,-0.30591135045567514,-0.10587680355160936
0.9,linear-ord2-s2/attention,0.30734767025089604,0.22809270458755584,0.393229055258467,0.18888888888888888,0.4258064516129032,0.3075,0.9875478927203065,0.055555559694767,0.8419355,0,linear-ord2-s2/linear_softmax,-0.32293906810035844,-0.423813216195569,-0.22547554347826088,linear-ord2-s2/linear_softmax,-0.4555555555555555,-0.638142857142857,-0.2749671052631581,mlp256-bin-s2/mean,-0.2387096774193549,-0.3206349206349207,-0.16416553595658073
0.9,mlp256-bin-s2/lme,0.29516129032258065,0.2319873884694578,0.35984110890027227,0.1,0.4903225806451613,0.28174603174603174,0.9749644212523719,0.0,0.89354837,0,linear-ord2-s2/linear_softmax,-0.33512544802867383,-0.43776403743315506,-0.22552303076402994,linear-ord2-s2/linear_softmax,-0.5444444444444444,-0.7333333333333334,-0.3529411764705882,mlp256-bin-s2/mean,-0.17419354838709677,-0.27241379310344827,-0.06937719915552429
0.9,mlp256-ord0.5-s2/attention,0.2831541218637993,0.21109523809523806,0.36318968156766684,0.1888888888888889,0.3774193548387097,0.3493939393939394,1.0,0.01111111119389534,0.9193548,0,linear-ord2-s2/linear_softmax,-0.3471326164874552,-0.4467468820861678,-0.251368317610063,linear-ord2-s2/linear_softmax,-0.4555555555555555,-0.631578947368421,-0.275,mlp256-bin-s2/mean,-0.2870967741935484,-0.3785808270676691,-0.1999152542372885
0.9,mlp256-bin-s2/attention,0.2731182795698925,0.2014776514053897,0.34857361447403806,0.13333333333333336,0.4129032258064516,0.35,0.9944444444444445,0.02222222238779068,0.87096775,0,linear-ord2-s2/linear_softmax,-0.357168458781362,-0.46328755868544613,-0.24934087283603745,linear-ord2-s2/linear_softmax,-0.5111111111111111,-0.7111111111111111,-0.312465277777778,mlp256-bin-s2/mean,-0.2516129032258065,-0.3448275862068965,-0.16550211736237153
0.9,mlp256-bin-s2/linear_softmax,0.24731182795698925,0.16662149348335198,0.33500757575757567,0.3333333333333333,0.16129032258064516,0.45183150183150184,0.9208333333333334,0.07777777835726737,0.916129,0,linear-ord2-s2/linear_softmax,-0.38297491039426523,-0.4876062030075188,-0.273380992588423,linear-ord2-s2/linear_softmax,-0.31111111111111106,-0.4869701086956521,-0.13333333333333341,mlp256-bin-s2/mean,-0.503225806451613,-0.5972142857142857,-0.4113155136268344
0.9,mlp256-ord0.5-s2/linear_softmax,0.22598566308243728,0.11886559400402714,0.33817128413865544,0.37777777777777777,0.07419354838709677,0.4691666666666666,1.0,0.05555555671453476,0.9193548,1,linear-ord2-s2/linear_softmax,-0.4043010752688172,-0.5067786641683701,-0.30842118125225093,linear-ord2-s2/linear_softmax,-0.2666666666666666,-0.44761904761904747,-0.1157894736842105,mlp256-bin-s2/mean,-0.5903225806451613,-0.6888988095238097,-0.49433407325194234
