comparison,model_a,model_b,macro_a,macro_b,d,lo,hi
MLP-256 / attention (w=0.5),mlp256-bin-s2/attention,mlp256-ord0.5-s2/attention,0.8349403866834308,0.8519597823944871,0.017019395711056262,0.005934658990473987,0.029480073589834895
MLP-256 / linear_softmax (w=0.5),mlp256-bin-s2/linear_softmax,mlp256-ord0.5-s2/linear_softmax,0.7903443662761978,0.8149607628662883,0.024616396590090517,0.010424367796416714,0.03852774370706114
MLP-256 / lme (w=0.5),mlp256-bin-s2/lme,mlp256-ord0.5-s2/lme,0.8291078570700501,0.8558929244455515,0.02678506737550146,0.010436954168835754,0.0440771431263262
MLP-256 / max (w=0.5),mlp256-bin-s2/max,mlp256-ord0.5-s2/max,0.8171439709971827,0.8451131967707011,0.027969225773518347,0.01225666778426411,0.04364641776943616
MLP-256 / mean (w=0.5),mlp256-bin-s2/mean,mlp256-ord0.5-s2/mean,0.8452073420581314,0.8425308959542428,-0.002676446103888619,-0.010650562738121835,0.003862523101214685
linear / attention (w=0.25),linear-bin-s2/attention,linear-ord0.25-s2/attention,0.8090380730413873,0.8177140424216651,0.008675969380277815,0.0012811749568191672,0.016151081178788718
linear / linear_softmax (w=0.25),linear-bin-s2/linear_softmax,linear-ord0.25-s2/linear_softmax,0.8299654353071971,0.8302591555294239,0.00029372022222673433,-0.00578579161618929,0.0059342338477287575
linear / lme (w=0.25),linear-bin-s2/lme,linear-ord0.25-s2/lme,0.845888315089921,0.8553798299450321,0.009491514855111127,0.0026958789094878063,0.016730107283087214
linear / max (w=0.25),linear-bin-s2/max,linear-ord0.25-s2/max,0.8122563674251524,0.8267397625977526,0.014483395172600222,0.004653068866872154,0.025874528464680868
linear / mean (w=0.25),linear-bin-s2/mean,linear-ord0.25-s2/mean,0.857091800457686,0.8552451147449824,-0.0018466857127035219,-0.004656888309066687,0.0015449790942717858
linear / attention (w=0.5),linear-bin-s2/attention,linear-ord0.5-s2/attention,0.8090380730413873,0.82372396830663,0.014685895265242666,0.005691622456232304,0.023355791628775158
linear / linear_softmax (w=0.5),linear-bin-s2/linear_softmax,linear-ord0.5-s2/linear_softmax,0.8299654353071971,0.8273382403656679,-0.0026271949415291873,-0.01100472301628202,0.0058006430871186745
linear / lme (w=0.5),linear-bin-s2/lme,linear-ord0.5-s2/lme,0.845888315089921,0.8554606488562062,0.00957233376628519,0.000580407552525783,0.02074962041891512
linear / max (w=0.5),linear-bin-s2/max,linear-ord0.5-s2/max,0.8122563674251524,0.8356882042761012,0.02343183685094885,0.010420527096202673,0.037065333511118216
linear / mean (w=0.5),linear-bin-s2/mean,linear-ord0.5-s2/mean,0.857091800457686,0.8532985087447399,-0.0037932917129460675,-0.008138749739346174,0.0010295022084744708
linear / attention (w=1),linear-bin-s2/attention,linear-ord1-s2/attention,0.8090380730413873,0.8247010906108483,0.01566301756946098,0.004748515730207297,0.025347141135654422
linear / linear_softmax (w=1),linear-bin-s2/linear_softmax,linear-ord1-s2/linear_softmax,0.8299654353071971,0.8162787955945079,-0.013686639712689241,-0.02642292564293313,-0.0019059927090675146
linear / lme (w=1),linear-bin-s2/lme,linear-ord1-s2/lme,0.845888315089921,0.8535844628901714,0.007696147800250408,-0.003325396787348228,0.021130023127913754
linear / max (w=1),linear-bin-s2/max,linear-ord1-s2/max,0.8122563674251524,0.831119468837555,0.01886310141240266,0.003452172456492508,0.03506149738218612
linear / mean (w=1),linear-bin-s2/mean,linear-ord1-s2/mean,0.857091800457686,0.8506614401425616,-0.006430360315124339,-0.012233188350557372,-9.529255672136968e-05
linear / attention (w=2),linear-bin-s2/attention,linear-ord2-s2/attention,0.8090380730413873,0.8186247970889436,0.009586724047556339,-0.0029799718466987507,0.020854357787092343
linear / linear_softmax (w=2),linear-bin-s2/linear_softmax,linear-ord2-s2/linear_softmax,0.8299654353071971,0.8105601856580686,-0.019405249649128486,-0.03448559931693897,-0.0051360279127995664
linear / lme (w=2),linear-bin-s2/lme,linear-ord2-s2/lme,0.845888315089921,0.8489310635904486,0.003042748500527548,-0.011583658454887036,0.01883321415843535
linear / max (w=2),linear-bin-s2/max,linear-ord2-s2/max,0.8122563674251524,0.8313616043822902,0.01910523695713784,0.002351947737044968,0.03684070485843563
linear / mean (w=2),linear-bin-s2/mean,linear-ord2-s2/mean,0.857091800457686,0.8441020981253242,-0.012989702332361741,-0.02185996526802189,-0.004345196022089656
