model_id,kind,probe,target,pooling,params,macro_ap,macro_lo,macro_hi,gastrotheca_ap,gastrotheca_lo,gastrotheca_hi,oreobates_ap,oreobates_lo,oreobates_hi,seed_sd_macro,val_macro_ap,epochs_mean,n_seeds
linear-ord2-s2/max,model,linear,ordinal (w=2),max,3078,0.8593949160001398,0.784211117106122,0.9253783289765519,0.8857873018860893,0.7433607365154549,0.9795428933921296,0.8330025301141903,0.7335862535844333,0.9143386397537587,0.009866901815075414,0.8382023682759467,19.8,5
linear-ord1-s2/max,model,linear,ordinal (w=1),max,3078,0.8479298738421733,0.7659128598223327,0.9202543541060239,0.8663477431917682,0.7076723746500319,0.9738657319737546,0.8295120044925784,0.7263323124872703,0.9154170282562496,0.011192435435459362,0.8423657212847463,25.6,5
linear-ord0.5-s2/max,model,linear,ordinal (w=0.5),max,3078,0.8372839475648879,0.7476278596280509,0.9145822347802076,0.8521533696990146,0.6858063080727965,0.9720005132543904,0.8224145254307611,0.714787108997327,0.9117760496576259,0.01295912562544633,0.8424359564694281,25.8,5
linear-ord0.25-s2/max,model,linear,ordinal (w=0.25),max,3078,0.8337490366260001,0.7405530735151427,0.9140638497065242,0.843039731727892,0.6648869937532961,0.9698550343496347,0.8244583415241082,0.7152391824295167,0.9139799055193373,0.012048919994691444,0.8386271892659899,22.4,5
linear-bin-s2/max,model,linear,binary,max,3074,0.8300424097493542,0.7443826028349574,0.9078196410508924,0.8323043250345595,0.667413055556187,0.9631108581024301,0.8277804944641488,0.7260627734408963,0.9128226018166261,0.02172854974307973,0.8382265219380967,20.4,5
linear-ord0.5-s2/lme,model,linear,ordinal (w=0.5),lme,3078,0.8089970716402195,0.7095155441495304,0.9000112049955965,0.7954237770485831,0.6023914622289558,0.9485273347139977,0.8225703662318559,0.7117462097816478,0.9129446998474574,0.0185537224331526,0.8713979008242496,15.0,5
linear-ord2-s2/linear_softmax,model,linear,ordinal (w=2),linear_softmax,3078,0.80717179390694,0.7012886587277273,0.8910516005566439,0.8096205419053641,0.6275574537781665,0.9385046780126803,0.804723045908516,0.7083656532519911,0.8868366938118897,0.006384951514635947,0.7915751702375596,21.8,5
linear-ord1-s2/linear_softmax,model,linear,ordinal (w=1),linear_softmax,3078,0.8015113288990581,0.6943322170482179,0.8878944192431073,0.8080902438352388,0.6322108683533272,0.9357322122240952,0.7949324139628775,0.6894699652193659,0.8865735753869117,0.008526404004178628,0.7931361010977103,22.8,5
linear-ord2-s2/lme,model,linear,ordinal (w=2),lme,3078,0.8012303980879949,0.7009422563838055,0.889086325768991,0.797983386100681,0.6060718491332464,0.9429759170615484,0.8044774100753089,0.6900667008492954,0.8969186169342368,0.014318032784325743,0.8633851530238225,20.8,5
linear-ord0.5-s2/linear_softmax,model,linear,ordinal (w=0.5),linear_softmax,3078,0.7908380019721086,0.6855320453667135,0.8791245761315623,0.8012962057811114,0.6264459364378965,0.928117640482043,0.7803797981631059,0.6682168418077968,0.8793880634869427,0.009050275226564458,0.8051326409844861,30.8,5
linear-ord0.25-s2/mean,model,linear,ordinal (w=0.25),mean,3078,0.7853034860379927,0.6880301190210888,0.8679904964466163,0.8158049881675344,0.6280757006522026,0.9465802513623429,0.754801983908451,0.6323287376591591,0.8552741482083698,0.011278533122754803,0.869116186082483,26.8,5
linear-ord1-s2/lme,model,linear,ordinal (w=1),lme,3078,0.784545066815038,0.6877965143870822,0.8863416378688083,0.7674421844131666,0.5786638214640698,0.9424597874553798,0.8016479492169095,0.6838353253739264,0.8973003608024711,0.021909260090805988,0.8702575913466577,18.8,5
linear-ord0.5-s2/mean,model,linear,ordinal (w=0.5),mean,3078,0.7843533204015714,0.6852249586818127,0.8687230688369005,0.8065507567724168,0.617845756634537,0.9401195243940246,0.7621558840307259,0.6419343325002994,0.8602000211803559,0.01583364595786557,0.8695812060535679,23.6,5
linear-bin-s2/mean,model,linear,binary,mean,3074,0.781286611148129,0.6828771543461236,0.8638549212043484,0.8203768432718073,0.6329823782425368,0.9502181570384004,0.7421963790244508,0.6215868852497294,0.8451443557128168,0.010262907175360766,0.8696208263657856,27.6,5
linear-ord1-s2/mean,model,linear,ordinal (w=1),mean,3078,0.7792464283239292,0.6759406569445031,0.8707272836934625,0.7796539057956989,0.5684820844999987,0.9283553197230879,0.7788389508521595,0.6600398167166053,0.8746965155329304,0.009817427710459422,0.8628593822635441,20.8,5
linear-ord0.25-s2/linear_softmax,model,linear,ordinal (w=0.25),linear_softmax,3078,0.778238815667931,0.6710771449945669,0.8705617302001281,0.804670560776335,0.6255022275756486,0.9302128580516974,0.7518070705595269,0.633234816705341,0.864755017416236,0.012246889283796048,0.8093578750610824,27.0,5
linear-ord0.25-s2/lme,model,linear,ordinal (w=0.25),lme,3078,0.7724556444774278,0.6702847804511293,0.882725895016972,0.7456201678368959,0.5482617954590906,0.9375696052720291,0.7992911211179597,0.6811257397111253,0.8953820806311272,0.02029404383591526,0.8754245080792398,23.6,5
mlp256-bin-s2/lme,model,MLP-256,binary,lme,393986,0.7718978337037143,0.6721061844782422,0.8700692229948741,0.7236914264370414,0.5243097751083606,0.9050939805525671,0.8201042409703871,0.7297450324296695,0.8992479807279189,0.007991810330732626,0.8600605105505468,13.8,5
mlp256-ord0.5-s2/lme,model,MLP-256,ordinal (w=0.5),lme,393990,0.7679751990939603,0.6735914081376553,0.8608262373625565,0.7138779789008928,0.5274017804678972,0.8859131543125397,0.8220724192870279,0.7273147005572912,0.900318203973018,0.033378785078800675,0.8522041640809881,19.2,5
linear-ord2-s2/mean,model,linear,ordinal (w=2),mean,3078,0.7675400328255202,0.6624921612221892,0.8625602686508967,0.7659067658507172,0.5553631038048704,0.9193050559147518,0.7691732998003232,0.6479492667711539,0.8676389647611695,0.018220670655099688,0.8564085224423208,20.6,5
linear-bin-s2/lme,model,linear,binary,lme,3074,0.7639342802710968,0.6606025096624036,0.8727208136952271,0.7415849422260142,0.5396427656441959,0.9332401588135749,0.7862836183161793,0.6681495167706096,0.8833525628939215,0.023976026885971502,0.8776571536012223,24.6,5
mlp256-bin-s2/max,model,MLP-256,binary,max,393986,0.7581231401197102,0.6668609548919632,0.8606308452593266,0.6814006025140836,0.49731250119932513,0.8769460190388896,0.8348456777253366,0.739184388823942,0.9084935789629942,0.036810093115694345,0.8488844208309203,15.6,5
linear-bin-s2/linear_softmax,model,linear,binary,linear_softmax,3074,0.7570460609067939,0.6522595980997082,0.8535387670062905,0.804787359509084,0.6261500942173938,0.9280663764682741,0.709304762304504,0.5866383825496738,0.8338576227011781,0.012438194936290574,0.8185758672699516,34.0,5
mlp256-ord0.5-s2/max,model,MLP-256,ordinal (w=0.5),max,393990,0.7507161509337106,0.6580958441928085,0.8513547523544006,0.6759575902161561,0.49386620095414135,0.8607537788077444,0.8254747116512651,0.7289662155956306,0.9043867214510445,0.015405068467288428,0.8521559347213701,15.0,5
mlp256-ord0.5-s2/linear_softmax,model,MLP-256,ordinal (w=0.5),linear_softmax,393990,0.7477001592832841,0.6578601203183146,0.8360629602202334,0.7897012002143493,0.6119489388837782,0.9189938321002469,0.705699118352219,0.6066937523713409,0.8166828899532034,0.02339706713046631,0.7817811872880706,14.2,5
linear-bin-s2/attention,model,linear,binary,attention,396804,0.7470905670949786,0.6453787199902763,0.8439652627920616,0.746385617785733,0.5487874321596573,0.9064598409617997,0.747795516404224,0.629534983388711,0.8537213141514237,0.04985754766784918,0.8050626083455068,11.8,5
mlp256-bin-s2/mean,model,MLP-256,binary,mean,393986,0.735917674274801,0.630015724287713,0.8278768578460003,0.7598816197016356,0.5613968225968913,0.9126373624636785,0.7119537288479664,0.5983218286306567,0.8146660489720988,0.025918254274699806,0.8495612904444126,21.2,5
mlp256-ord0.5-s2/mean,model,MLP-256,ordinal (w=0.5),mean,393990,0.7319459875789601,0.6252542295480131,0.8262124831636078,0.7612496896353391,0.5534698816580195,0.9154655884926978,0.7026422855225811,0.5852741977291601,0.8075999295414737,0.008793735276812698,0.8405379029875697,14.8,5
mlp256-ord0.5-s2/attention,model,MLP-256,ordinal (w=0.5),attention,787720,0.7305934911356388,0.638409259940099,0.8232543872226641,0.6956247810811145,0.513306936730082,0.8611173704352213,0.765562201190163,0.6554875647073287,0.8579456669494134,0.05168178546606913,0.8312399675259126,18.8,5
mlp256-bin-s2/attention,model,MLP-256,binary,attention,787716,0.7274375902664472,0.623438030902401,0.8237565102091695,0.7188166141711452,0.5212345688141636,0.8805447582486823,0.7360585663617492,0.6194319829779846,0.8493650269252584,0.01615587192292609,0.820047766011256,16.4,5
linear-ord0.5-s2/attention,model,linear,ordinal (w=0.5),attention,396808,0.7148630669814258,0.606191111626596,0.8267645129858645,0.676633168111492,0.4652932915196257,0.8702535015096139,0.7530929658513594,0.6439810797492388,0.8492263083150258,0.034275151207240354,0.8135916990875515,12.6,5
mlp256-bin-s2/linear_softmax,model,MLP-256,binary,linear_softmax,393986,0.6996338514198356,0.6008380789845945,0.8063127967959766,0.7424400776655349,0.5521991654433305,0.8930514362485783,0.6568276251741363,0.5456168143243868,0.7940556615958563,0.014390004781647328,0.7755628166302391,12.4,5
linear-ord0.25-s2/attention,model,linear,ordinal (w=0.25),attention,396808,0.6954738986208466,0.5892509159178815,0.8157432277146345,0.6545253045727758,0.45510619202589625,0.8605868384667364,0.7364224926689174,0.622518876634912,0.8406459264123883,0.06168531918459032,0.8109128825284099,13.4,5
linear-ord1-s2/attention,model,linear,ordinal (w=1),attention,396808,0.6935625551337544,0.583733524182037,0.8133972084042768,0.6290809340191604,0.42329930912128927,0.8452544018877078,0.7580441762483484,0.6469397101846788,0.8565754258136572,0.03520157304422961,0.8138886350628043,12.6,5
linear-ord2-s2/attention,model,linear,ordinal (w=2),attention,396808,0.6934864544297957,0.5902136224370872,0.8060942286016478,0.6180544340474056,0.4193612230250866,0.8216405158032919,0.7689184748121859,0.6721029736454739,0.8562384755776075,0.05624011939437046,0.8108579659231541,13.6,5
baseline/clock,baseline,—,—,clock (hour × month),0,0.48238361192772095,0.3662596296347362,0.6221826898365705,0.4213305857655702,0.2207256864542312,0.6688653516962337,0.5434366380898717,0.4266870055771268,0.6839602698948687,nan,,,1
baseline/zeroshot_congeneric,baseline,—,—,"Perch zero-shot, congeneric",0,0.40875119811730326,0.3041606868909643,0.5048325013151577,0.6869735060671656,0.47944240984945535,0.8627080295914875,0.13052889016744096,0.09700307138238579,0.18704168723640904,nan,,,1
baseline/zeroshot_frog,baseline,—,—,"Perch zero-shot, 'Frog'",0,0.3815952372351824,0.3046509530494736,0.5001231188891215,0.25405738236548203,0.14027339207552236,0.4665401695939103,0.5091330921048828,0.3852454585399293,0.6365445982104614,nan,,,1
