model_id,species,regime,n_bags,n_pos,chance_ap,ap,lo,hi
linear-bin-s2/mean,gastrotheca,44k-1clip,762,14,0.01837270341207349,0.8540317343814031,0.6703398105377952,0.9782623200615246
linear-bin-s2/mean,gastrotheca,44k-2clip,2885,124,0.04298093587521664,0.749939335738459,0.5720580524578519,0.8544572434453124
linear-bin-s2/mean,gastrotheca,8k-3clip,1267,291,0.2296764009471192,0.9053264506494056,0.8232162205203727,0.9501433564980596
linear-bin-s2/mean,oreobates,44k-1clip,762,101,0.1325459317585302,0.8412043857987564,0.7591775979543895,0.9031314040782302
linear-bin-s2/mean,oreobates,44k-2clip,2885,379,0.13136915077989603,0.8732542126034055,0.7851786184640989,0.9248320948045319
linear-bin-s2/mean,oreobates,8k-3clip,1267,101,0.07971586424625099,0.812718226281133,0.10101866045557527,0.895057501860355
mlp256-ord0.5-s2/lme,gastrotheca,44k-1clip,762,14,0.01837270341207349,0.860766222008637,0.5328374011372217,0.9802309999295643
mlp256-ord0.5-s2/lme,gastrotheca,44k-2clip,2885,124,0.04298093587521664,0.714874120327013,0.5193603617777264,0.8375669130603851
mlp256-ord0.5-s2/lme,gastrotheca,8k-3clip,1267,291,0.2296764009471192,0.888862891049729,0.8105170595626391,0.932496624928038
mlp256-ord0.5-s2/lme,oreobates,44k-1clip,762,101,0.1325459317585302,0.9025091918683289,0.8643094821219818,0.9281695141694492
mlp256-ord0.5-s2/lme,oreobates,44k-2clip,2885,379,0.13136915077989603,0.879333776400712,0.7912428224841452,0.9282950545467754
mlp256-ord0.5-s2/lme,oreobates,8k-3clip,1267,101,0.07971586424625099,0.8453718873976482,0.4003238813879972,0.9167758048967855
linear-ord0.5-s2/lme,gastrotheca,44k-1clip,762,14,0.01837270341207349,0.8712804032223567,0.6635102950098615,0.9922286329418422
linear-ord0.5-s2/lme,gastrotheca,44k-2clip,2885,124,0.04298093587521664,0.74459198122063,0.578043315859848,0.8370690262208088
linear-ord0.5-s2/lme,gastrotheca,8k-3clip,1267,291,0.2296764009471192,0.8871634725033213,0.7989503845625829,0.9365561416632417
linear-ord0.5-s2/lme,oreobates,44k-1clip,762,101,0.1325459317585302,0.8945006860069709,0.8441575973056069,0.9260339129961227
linear-ord0.5-s2/lme,oreobates,44k-2clip,2885,379,0.13136915077989603,0.8757306118832414,0.7906863430969073,0.9250369738703524
linear-ord0.5-s2/lme,oreobates,8k-3clip,1267,101,0.07971586424625099,0.8660807535789982,0.46109136330778716,0.9183059273670189
linear-ord0.25-s2/lme,gastrotheca,44k-1clip,762,14,0.01837270341207349,0.8757746649107763,0.6430572949882064,0.9833333333333332
linear-ord0.25-s2/lme,gastrotheca,44k-2clip,2885,124,0.04298093587521664,0.7425688312539169,0.5760804554834593,0.839756500888485
linear-ord0.25-s2/lme,gastrotheca,8k-3clip,1267,291,0.2296764009471192,0.8897972257071756,0.7959786081707942,0.9394941825256343
linear-ord0.25-s2/lme,oreobates,44k-1clip,762,101,0.1325459317585302,0.892549075407557,0.8431287279545017,0.9244690746306455
linear-ord0.25-s2/lme,oreobates,44k-2clip,2885,379,0.13136915077989603,0.8703563062135021,0.7847704673242489,0.9219318884086944
linear-ord0.25-s2/lme,oreobates,8k-3clip,1267,101,0.07971586424625099,0.8703029340741659,0.4773614779329643,0.9182108202603878
linear-ord0.25-s2/mean,gastrotheca,44k-1clip,762,14,0.01837270341207349,0.8429762493818999,0.6567001062935566,0.9905611898815423
linear-ord0.25-s2/mean,gastrotheca,44k-2clip,2885,124,0.04298093587521664,0.7475420917474456,0.5750526934650889,0.8500518795721698
linear-ord0.25-s2/mean,gastrotheca,8k-3clip,1267,291,0.2296764009471192,0.9061791050679904,0.8276849571981988,0.9496661007111175
linear-ord0.25-s2/mean,oreobates,44k-1clip,762,101,0.1325459317585302,0.8382362704170813,0.7533304230747867,0.9019552049483888
linear-ord0.25-s2/mean,oreobates,44k-2clip,2885,379,0.13136915077989603,0.871656726037292,0.7837819547861733,0.9230221983240311
linear-ord0.25-s2/mean,oreobates,8k-3clip,1267,101,0.07971586424625099,0.8137256205229477,0.1138224984984845,0.8969418642437965
linear-ord1-s2/lme,gastrotheca,44k-1clip,762,14,0.01837270341207349,0.8707002690860204,0.6642684396963036,0.995261904944976
linear-ord1-s2/lme,gastrotheca,44k-2clip,2885,124,0.04298093587521664,0.7467785062929314,0.5825034108693572,0.8373363226332214
linear-ord1-s2/lme,gastrotheca,8k-3clip,1267,291,0.2296764009471192,0.879883246999426,0.7886735576236416,0.9316534785878169
linear-ord1-s2/lme,oreobates,44k-1clip,762,101,0.1325459317585302,0.8943027070843348,0.8442188658330553,0.926623241503469
linear-ord1-s2/lme,oreobates,44k-2clip,2885,379,0.13136915077989603,0.8801396986582664,0.7938573004234929,0.9288596073596643
linear-ord1-s2/lme,oreobates,8k-3clip,1267,101,0.07971586424625099,0.8643377959285632,0.4213152629765682,0.917718073395857
linear-ord0.5-s2/mean,gastrotheca,44k-1clip,762,14,0.01837270341207349,0.8392248671501875,0.6560577288181298,0.9923307696328714
linear-ord0.5-s2/mean,gastrotheca,44k-2clip,2885,124,0.04298093587521664,0.7425440242574098,0.5702973879968284,0.8467020153973032
linear-ord0.5-s2/mean,gastrotheca,8k-3clip,1267,291,0.2296764009471192,0.906251409332367,0.827625779533726,0.9502433783497365
linear-ord0.5-s2/mean,oreobates,44k-1clip,762,101,0.1325459317585302,0.816880254255663,0.723065470316569,0.8915418948014435
linear-ord0.5-s2/mean,oreobates,44k-2clip,2885,379,0.13136915077989603,0.87198360268233,0.7847428752885034,0.9236218685778883
linear-ord0.5-s2/mean,oreobates,8k-3clip,1267,101,0.07971586424625099,0.8179731116141422,0.12742783597204832,0.8992909079191291
mlp256-ord0.5-s2/attention,gastrotheca,44k-1clip,762,14,0.01837270341207349,0.8637754222112042,0.712097051795572,0.9895603899638376
mlp256-ord0.5-s2/attention,gastrotheca,44k-2clip,2885,124,0.04298093587521664,0.6965974775473437,0.5058320745971445,0.8186117582807796
mlp256-ord0.5-s2/attention,gastrotheca,8k-3clip,1267,291,0.2296764009471192,0.8988420027842636,0.8183982624239913,0.94843915773846
mlp256-ord0.5-s2/attention,oreobates,44k-1clip,762,101,0.1325459317585302,0.8815676856454056,0.8377262042874503,0.9105508165124309
mlp256-ord0.5-s2/attention,oreobates,44k-2clip,2885,379,0.13136915077989603,0.8668849278015323,0.7698804356656176,0.9190898452468358
mlp256-ord0.5-s2/attention,oreobates,8k-3clip,1267,101,0.07971586424625099,0.8274072418561076,0.46131694192133316,0.8790002308554821
linear-ord1-s2/mean,gastrotheca,44k-1clip,762,14,0.01837270341207349,0.8270622230001857,0.6253544771071378,0.9851717041375545
linear-ord1-s2/mean,gastrotheca,44k-2clip,2885,124,0.04298093587521664,0.7380024649262908,0.5674044328872472,0.8420299346610699
linear-ord1-s2/mean,gastrotheca,8k-3clip,1267,291,0.2296764009471192,0.906140443365189,0.8288074738863442,0.9511920429268672
linear-ord1-s2/mean,oreobates,44k-1clip,762,101,0.1325459317585302,0.8031005663446862,0.7038947657351583,0.8842268475799818
linear-ord1-s2/mean,oreobates,44k-2clip,2885,379,0.13136915077989603,0.8712234309606627,0.7857490273366345,0.9220891547650845
linear-ord1-s2/mean,oreobates,8k-3clip,1267,101,0.07971586424625099,0.8215277146879989,0.12408678166656976,0.9007556800465317
linear-ord2-s2/lme,gastrotheca,44k-1clip,762,14,0.01837270341207349,0.8710997774132659,0.6793508702066416,0.9919290984471638
linear-ord2-s2/lme,gastrotheca,44k-2clip,2885,124,0.04298093587521664,0.7516289913546174,0.5882887922999995,0.8421458475646736
linear-ord2-s2/lme,gastrotheca,8k-3clip,1267,291,0.2296764009471192,0.873650536320054,0.7791373932958795,0.9279134102072153
linear-ord2-s2/lme,oreobates,44k-1clip,762,101,0.1325459317585302,0.8990521794793629,0.8478921499412262,0.9270883327200725
linear-ord2-s2/lme,oreobates,44k-2clip,2885,379,0.13136915077989603,0.8813827402123046,0.7945575089279914,0.9303887106963784
linear-ord2-s2/lme,oreobates,8k-3clip,1267,101,0.07971586424625099,0.8527252083072568,0.4103688453733356,0.9062602440502643
linear-bin-s2/lme,gastrotheca,44k-1clip,762,14,0.01837270341207349,0.8981872217995779,0.6981491315116485,0.9833421052783203
linear-bin-s2/lme,gastrotheca,44k-2clip,2885,124,0.04298093587521664,0.7222809915460886,0.5480388470904619,0.8283308395072018
linear-bin-s2/lme,gastrotheca,8k-3clip,1267,291,0.2296764009471192,0.8794828416145952,0.7732964308170357,0.9372296350563776
linear-bin-s2/lme,oreobates,44k-1clip,762,101,0.1325459317585302,0.8901931729942264,0.835111794769764,0.9229907613270298
linear-bin-s2/lme,oreobates,44k-2clip,2885,379,0.13136915077989603,0.8580898068353809,0.7662921676665578,0.9148494504468947
linear-bin-s2/lme,oreobates,8k-3clip,1267,101,0.07971586424625099,0.8665702153698053,0.5126751386017229,0.9088896131240173
mlp256-bin-s2/mean,gastrotheca,44k-1clip,762,14,0.01837270341207349,0.7595681764185429,0.551305347589776,0.9532996818849019
mlp256-bin-s2/mean,gastrotheca,44k-2clip,2885,124,0.04298093587521664,0.7195572239617185,0.5384995627277795,0.828170296648484
mlp256-bin-s2/mean,gastrotheca,8k-3clip,1267,291,0.2296764009471192,0.9027401771946872,0.8190774864305755,0.9508927813546328
mlp256-bin-s2/mean,oreobates,44k-1clip,762,101,0.1325459317585302,0.8156541762965741,0.7460695349030516,0.875832461164943
mlp256-bin-s2/mean,oreobates,44k-2clip,2885,379,0.13136915077989603,0.8584540579831694,0.7638071850950858,0.913693983848983
mlp256-bin-s2/mean,oreobates,8k-3clip,1267,101,0.07971586424625099,0.8109177369882564,0.12887434547301382,0.8848366083639226
mlp256-ord0.5-s2/max,gastrotheca,44k-1clip,762,14,0.01837270341207349,0.859868659824133,0.5560935388784856,0.9791688785056981
mlp256-ord0.5-s2/max,gastrotheca,44k-2clip,2885,124,0.04298093587521664,0.719357891404821,0.5225359204351434,0.8345108993134077
mlp256-ord0.5-s2/max,gastrotheca,8k-3clip,1267,291,0.2296764009471192,0.8699158202536736,0.783237604726896,0.921236088889085
mlp256-ord0.5-s2/max,oreobates,44k-1clip,762,101,0.1325459317585302,0.892478828117399,0.8421890560690521,0.9284836221563711
mlp256-ord0.5-s2/max,oreobates,44k-2clip,2885,379,0.13136915077989603,0.8712168110156121,0.7812102126863545,0.9235981557263481
mlp256-ord0.5-s2/max,oreobates,8k-3clip,1267,101,0.07971586424625099,0.8211905041248491,0.4205499082587526,0.9045569038587209
linear-ord2-s2/mean,gastrotheca,44k-1clip,762,14,0.01837270341207349,0.8266025621976171,0.6272648454186591,0.9894983277412562
linear-ord2-s2/mean,gastrotheca,44k-2clip,2885,124,0.04298093587521664,0.7295445753021106,0.5535470135458106,0.8353016899572294
linear-ord2-s2/mean,gastrotheca,8k-3clip,1267,291,0.2296764009471192,0.9039240580039337,0.8221806549439443,0.9507759573599831
linear-ord2-s2/mean,oreobates,44k-1clip,762,101,0.1325459317585302,0.781178915884235,0.6703606641704339,0.8743821716805765
linear-ord2-s2/mean,oreobates,44k-2clip,2885,379,0.13136915077989603,0.8644377202660551,0.7783958465758757,0.9159168443736435
linear-ord2-s2/mean,oreobates,8k-3clip,1267,101,0.07971586424625099,0.8233442737619475,0.09214091871187767,0.9008714419155486
mlp256-ord0.5-s2/mean,gastrotheca,44k-1clip,762,14,0.01837270341207349,0.7647093242832592,0.5554558938772729,0.9801631699908864
mlp256-ord0.5-s2/mean,gastrotheca,44k-2clip,2885,124,0.04298093587521664,0.7230229281610059,0.5415136431369068,0.832622716731076
mlp256-ord0.5-s2/mean,gastrotheca,8k-3clip,1267,291,0.2296764009471192,0.9055806453695003,0.8296064758972166,0.9505660074940468
mlp256-ord0.5-s2/mean,oreobates,44k-1clip,762,101,0.1325459317585302,0.7740843374540309,0.6902984990785495,0.8457517845408201
mlp256-ord0.5-s2/mean,oreobates,44k-2clip,2885,379,0.13136915077989603,0.8539558727461303,0.760163434831122,0.9093257694251339
mlp256-ord0.5-s2/mean,oreobates,8k-3clip,1267,101,0.07971586424625099,0.8140684094464424,0.13012177030156766,0.885108556590055
linear-ord0.5-s2/max,gastrotheca,44k-1clip,762,14,0.01837270341207349,0.8961431041359902,0.7175099715271165,0.9950000002980233
linear-ord0.5-s2/max,gastrotheca,44k-2clip,2885,124,0.04298093587521664,0.7377635497900267,0.5933374627143752,0.8270022577080566
linear-ord0.5-s2/max,gastrotheca,8k-3clip,1267,291,0.2296764009471192,0.8641407920732531,0.7680976620533918,0.9201264952532127
linear-ord0.5-s2/max,oreobates,44k-1clip,762,101,0.1325459317585302,0.9006975635738655,0.8403407686701031,0.9316991597432172
linear-ord0.5-s2/max,oreobates,44k-2clip,2885,379,0.13136915077989603,0.8572132281939397,0.7740106462206566,0.911646578786776
linear-ord0.5-s2/max,oreobates,8k-3clip,1267,101,0.07971586424625099,0.8654004084149209,0.5544936237570184,0.9032998637866314
mlp256-bin-s2/attention,gastrotheca,44k-1clip,762,14,0.01837270341207349,0.8944738119840622,0.6785492854006587,0.9882917529109277
mlp256-bin-s2/attention,gastrotheca,44k-2clip,2885,124,0.04298093587521664,0.6727725872769952,0.48175808475321696,0.8018480652620144
mlp256-bin-s2/attention,gastrotheca,8k-3clip,1267,291,0.2296764009471192,0.8882194728580947,0.7932982991654783,0.9458861825216726
mlp256-bin-s2/attention,oreobates,44k-1clip,762,101,0.1325459317585302,0.8751188092302566,0.8025515961206146,0.9181923820851893
mlp256-bin-s2/attention,oreobates,44k-2clip,2885,379,0.13136915077989603,0.8420753724892723,0.7354436459131194,0.9075017209257453
mlp256-bin-s2/attention,oreobates,8k-3clip,1267,101,0.07971586424625099,0.792082484877936,0.4710821550106629,0.8628649616888676
linear-ord2-s2/max,gastrotheca,44k-1clip,762,14,0.01837270341207349,0.8413300235356603,0.6148154424352363,0.9546733661827747
linear-ord2-s2/max,gastrotheca,44k-2clip,2885,124,0.04298093587521664,0.7342453611473883,0.594734000578952,0.8158406520478608
linear-ord2-s2/max,gastrotheca,8k-3clip,1267,291,0.2296764009471192,0.8523825094667089,0.7560437570547285,0.9104244399226987
linear-ord2-s2/max,oreobates,44k-1clip,762,101,0.1325459317585302,0.9019084585185098,0.8369924097710423,0.9378065877384905
linear-ord2-s2/max,oreobates,44k-2clip,2885,379,0.13136915077989603,0.8644395107722846,0.7774417560099317,0.9173969016873967
linear-ord2-s2/max,oreobates,8k-3clip,1267,101,0.07971586424625099,0.8563372930825347,0.5182721209437706,0.9183517371453405
linear-ord1-s2/max,gastrotheca,44k-1clip,762,14,0.01837270341207349,0.8794363036219561,0.6804197011999785,0.9802940725237131
linear-ord1-s2/max,gastrotheca,44k-2clip,2885,124,0.04298093587521664,0.7346114366345348,0.5974794657966838,0.8180814510856494
linear-ord1-s2/max,gastrotheca,8k-3clip,1267,291,0.2296764009471192,0.8565197997896122,0.7591750618032417,0.9148708567201971
linear-ord1-s2/max,oreobates,44k-1clip,762,101,0.1325459317585302,0.8988848233281976,0.8359566895363191,0.9323291885961308
linear-ord1-s2/max,oreobates,44k-2clip,2885,379,0.13136915077989603,0.857305198176555,0.7712425240577299,0.9119140803440308
linear-ord1-s2/max,oreobates,8k-3clip,1267,101,0.07971586424625099,0.8674161042317305,0.5470814486571515,0.9149872798964414
linear-ord0.25-s2/linear_softmax,gastrotheca,44k-1clip,762,14,0.01837270341207349,0.8769432955554552,0.6394295966550708,1.0
linear-ord0.25-s2/linear_softmax,gastrotheca,44k-2clip,2885,124,0.04298093587521664,0.7438527480969505,0.5619570477003308,0.8458895180919733
linear-ord0.25-s2/linear_softmax,gastrotheca,8k-3clip,1267,291,0.2296764009471192,0.8904813652390878,0.8051737568172462,0.942143020304844
linear-ord0.25-s2/linear_softmax,oreobates,44k-1clip,762,101,0.1325459317585302,0.8614693449865474,0.7811734446821349,0.9145980476294402
linear-ord0.25-s2/linear_softmax,oreobates,44k-2clip,2885,379,0.13136915077989603,0.8322073190775269,0.7092397792657502,0.902767180176859
linear-ord0.25-s2/linear_softmax,oreobates,8k-3clip,1267,101,0.07971586424625099,0.7464100235759621,0.1158779408105395,0.8833280867157746
linear-bin-s2/linear_softmax,gastrotheca,44k-1clip,762,14,0.01837270341207349,0.8739761699523244,0.6252020562227282,1.0
linear-bin-s2/linear_softmax,gastrotheca,44k-2clip,2885,124,0.04298093587521664,0.740081148270157,0.5610431589019605,0.8425140473259015
linear-bin-s2/linear_softmax,gastrotheca,8k-3clip,1267,291,0.2296764009471192,0.8926259304035161,0.8079788355283201,0.9438680691972545
linear-bin-s2/linear_softmax,oreobates,44k-1clip,762,101,0.1325459317585302,0.867954286431322,0.7887166247627029,0.9218717199877041
linear-bin-s2/linear_softmax,oreobates,44k-2clip,2885,379,0.13136915077989603,0.8265581131846419,0.7081787937121187,0.8972007395386544
linear-bin-s2/linear_softmax,oreobates,8k-3clip,1267,101,0.07971586424625099,0.7280351348147533,0.10643997848965227,0.8812900168872002
mlp256-bin-s2/lme,gastrotheca,44k-1clip,762,14,0.01837270341207349,0.8179816563214575,0.4800933793249229,0.9574840833129067
mlp256-bin-s2/lme,gastrotheca,44k-2clip,2885,124,0.04298093587521664,0.6902528079707296,0.5034462309372169,0.8191646905305118
mlp256-bin-s2/lme,gastrotheca,8k-3clip,1267,291,0.2296764009471192,0.8518669939327894,0.7460937726315138,0.9164007665838678
mlp256-bin-s2/lme,oreobates,44k-1clip,762,101,0.1325459317585302,0.88877544630282,0.8358950533916273,0.9251177756288954
mlp256-bin-s2/lme,oreobates,44k-2clip,2885,379,0.13136915077989603,0.8559636383698294,0.7611280152286589,0.9155573685037179
mlp256-bin-s2/lme,oreobates,8k-3clip,1267,101,0.07971586424625099,0.8324546569054669,0.3850850419136874,0.9002216362678214
linear-ord0.5-s2/linear_softmax,gastrotheca,44k-1clip,762,14,0.01837270341207349,0.8778709487191267,0.6508374863676727,1.0
linear-ord0.5-s2/linear_softmax,gastrotheca,44k-2clip,2885,124,0.04298093587521664,0.7468015594588172,0.5660103140341448,0.8485071611115477
linear-ord0.5-s2/linear_softmax,gastrotheca,8k-3clip,1267,291,0.2296764009471192,0.8903193363823843,0.8041086328427167,0.9434516155613502
linear-ord0.5-s2/linear_softmax,oreobates,44k-1clip,762,101,0.1325459317585302,0.8618009422380144,0.7858941103782248,0.9113828491438549
linear-ord0.5-s2/linear_softmax,oreobates,44k-2clip,2885,379,0.13136915077989603,0.8290606874196069,0.7148135106158128,0.8990445564821603
linear-ord0.5-s2/linear_softmax,oreobates,8k-3clip,1267,101,0.07971586424625099,0.7489216106657933,0.11640849611721932,0.8837074173624841
linear-ord0.25-s2/max,gastrotheca,44k-1clip,762,14,0.01837270341207349,0.9008452330582907,0.6909260403038934,0.9915015558401743
linear-ord0.25-s2/max,gastrotheca,44k-2clip,2885,124,0.04298093587521664,0.7348211518699124,0.5804869408991041,0.8303048204305665
linear-ord0.25-s2/max,gastrotheca,8k-3clip,1267,291,0.2296764009471192,0.8536519691092043,0.7565405730074473,0.9113678831450879
linear-ord0.25-s2/max,oreobates,44k-1clip,762,101,0.1325459317585302,0.8914256015626509,0.8197953395729332,0.9289011667694583
linear-ord0.25-s2/max,oreobates,44k-2clip,2885,379,0.13136915077989603,0.844958273323356,0.7598248933733961,0.9028820639994172
linear-ord0.25-s2/max,oreobates,8k-3clip,1267,101,0.07971586424625099,0.8515051429814632,0.4856949997095702,0.8946433114594012
linear-ord1-s2/attention,gastrotheca,44k-1clip,762,14,0.01837270341207349,0.6492168357329708,0.38967536845384343,0.9211861380872628
linear-ord1-s2/attention,gastrotheca,44k-2clip,2885,124,0.04298093587521664,0.701241936768976,0.5164182326223767,0.8127871157788742
linear-ord1-s2/attention,gastrotheca,8k-3clip,1267,291,0.2296764009471192,0.8847145016045914,0.7919143868418611,0.9411118240864967
linear-ord1-s2/attention,oreobates,44k-1clip,762,101,0.1325459317585302,0.8523441571705413,0.7813954102728693,0.8973440310104625
linear-ord1-s2/attention,oreobates,44k-2clip,2885,379,0.13136915077989603,0.841064917270615,0.7433776230983555,0.8970497935578299
linear-ord1-s2/attention,oreobates,8k-3clip,1267,101,0.07971586424625099,0.7711985682201858,0.48115588103167034,0.8316415987868931
linear-ord0.5-s2/attention,gastrotheca,44k-1clip,762,14,0.01837270341207349,0.7360903520669255,0.5279876436926426,0.950244426894933
linear-ord0.5-s2/attention,gastrotheca,44k-2clip,2885,124,0.04298093587521664,0.6931008573200914,0.5007351361265249,0.807956433194876
linear-ord0.5-s2/attention,gastrotheca,8k-3clip,1267,291,0.2296764009471192,0.8840534505770379,0.7907489484684632,0.9395037839044778
linear-ord0.5-s2/attention,oreobates,44k-1clip,762,101,0.1325459317585302,0.8634304607858752,0.7968763130810594,0.9064920340332216
linear-ord0.5-s2/attention,oreobates,44k-2clip,2885,379,0.13136915077989603,0.8391608138826717,0.7402779676281402,0.8951993856343965
linear-ord0.5-s2/attention,oreobates,8k-3clip,1267,101,0.07971586424625099,0.7629519892653618,0.4033946450926702,0.8239204576506698
linear-ord2-s2/attention,gastrotheca,44k-1clip,762,14,0.01837270341207349,0.6568953270358698,0.4150279317202512,0.9268522038908772
linear-ord2-s2/attention,gastrotheca,44k-2clip,2885,124,0.04298093587521664,0.6866587138163947,0.5092358565135393,0.7933688326913565
linear-ord2-s2/attention,gastrotheca,8k-3clip,1267,291,0.2296764009471192,0.8879665949500305,0.7972738387143671,0.942180808836017
linear-ord2-s2/attention,oreobates,44k-1clip,762,101,0.1325459317585302,0.8300475671739862,0.7615025733533056,0.8888650470701821
linear-ord2-s2/attention,oreobates,44k-2clip,2885,379,0.13136915077989603,0.8339611406140717,0.7299803085208142,0.8922044014312737
linear-ord2-s2/attention,oreobates,8k-3clip,1267,101,0.07971586424625099,0.7655832381089136,0.33405323362570594,0.8359668313819824
linear-ord0.25-s2/attention,gastrotheca,44k-1clip,762,14,0.01837270341207349,0.7728408973131862,0.6127075636503287,0.9592835012401145
linear-ord0.25-s2/attention,gastrotheca,44k-2clip,2885,124,0.04298093587521664,0.6930963381524048,0.49987171879190456,0.8113699558685448
linear-ord0.25-s2/attention,gastrotheca,8k-3clip,1267,291,0.2296764009471192,0.8774239779337984,0.7794515503216044,0.9365481452632474
linear-ord0.25-s2/attention,oreobates,44k-1clip,762,101,0.1325459317585302,0.8618364667833441,0.7914335798257518,0.9089581064060718
linear-ord0.25-s2/attention,oreobates,44k-2clip,2885,379,0.13136915077989603,0.829719549826393,0.7313088199458598,0.8884199117769594
linear-ord0.25-s2/attention,oreobates,8k-3clip,1267,101,0.07971586424625099,0.7553710124575266,0.4247633727140386,0.8115442043828902
mlp256-bin-s2/max,gastrotheca,44k-1clip,762,14,0.01837270341207349,0.8483348583536487,0.5543124432985982,0.9635176586250174
mlp256-bin-s2/max,gastrotheca,44k-2clip,2885,124,0.04298093587521664,0.6824385550714307,0.4981560502003962,0.8064373506962987
mlp256-bin-s2/max,gastrotheca,8k-3clip,1267,291,0.2296764009471192,0.8347859398605898,0.7248195987130777,0.9042505926581651
mlp256-bin-s2/max,oreobates,44k-1clip,762,101,0.1325459317585302,0.8930224011145016,0.8456560833996961,0.9217284064629533
mlp256-bin-s2/max,oreobates,44k-2clip,2885,379,0.13136915077989603,0.8371937231369572,0.7421859710666178,0.8993749599649591
mlp256-bin-s2/max,oreobates,8k-3clip,1267,101,0.07971586424625099,0.8222504515459041,0.43661320946024107,0.8821932885507581
linear-ord1-s2/linear_softmax,gastrotheca,44k-1clip,762,14,0.01837270341207349,0.8754885265869753,0.6323084633648397,1.0
linear-ord1-s2/linear_softmax,gastrotheca,44k-2clip,2885,124,0.04298093587521664,0.7492824948663191,0.5662549566042298,0.8549664581254286
linear-ord1-s2/linear_softmax,gastrotheca,8k-3clip,1267,291,0.2296764009471192,0.8883199868128473,0.8016546819764803,0.9426710228821278
linear-ord1-s2/linear_softmax,oreobates,44k-1clip,762,101,0.1325459317585302,0.8611255021083473,0.8017012017714037,0.9104071554526542
linear-ord1-s2/linear_softmax,oreobates,44k-2clip,2885,379,0.13136915077989603,0.8230050025797769,0.7032662372620097,0.89585074822264
linear-ord1-s2/linear_softmax,oreobates,8k-3clip,1267,101,0.07971586424625099,0.7156736051387126,0.11939125692641193,0.873028046536047
mlp256-ord0.5-s2/linear_softmax,gastrotheca,44k-1clip,762,14,0.01837270341207349,0.9178265203322683,0.7643232110980898,0.9951515154405074
mlp256-ord0.5-s2/linear_softmax,gastrotheca,44k-2clip,2885,124,0.04298093587521664,0.6956173607719041,0.5094006486983211,0.8085848485586338
mlp256-ord0.5-s2/linear_softmax,gastrotheca,8k-3clip,1267,291,0.2296764009471192,0.8652850684021756,0.7625272812066248,0.9224445100616128
mlp256-ord0.5-s2/linear_softmax,oreobates,44k-1clip,762,101,0.1325459317585302,0.8567613956361715,0.7884430844814132,0.8960116238410856
mlp256-ord0.5-s2/linear_softmax,oreobates,44k-2clip,2885,379,0.13136915077989603,0.8045555565398098,0.6898756419685749,0.8740980297232076
mlp256-ord0.5-s2/linear_softmax,oreobates,8k-3clip,1267,101,0.07971586424625099,0.7795880938668063,0.4490913928772968,0.8446638330947638
linear-bin-s2/max,gastrotheca,44k-1clip,762,14,0.01837270341207349,0.8860577528498002,0.6656630304103184,0.989030455513434
linear-bin-s2/max,gastrotheca,44k-2clip,2885,124,0.04298093587521664,0.7163816538248812,0.5589675508443241,0.8165483454518876
linear-bin-s2/max,gastrotheca,8k-3clip,1267,291,0.2296764009471192,0.8411623905409652,0.7271887074437964,0.9088719772663828
linear-bin-s2/max,oreobates,44k-1clip,762,101,0.1325459317585302,0.885993271092377,0.817132647811405,0.9253786965959037
linear-bin-s2/max,oreobates,44k-2clip,2885,379,0.13136915077989603,0.8231703726628838,0.7257413395907133,0.8924909059072391
linear-bin-s2/max,oreobates,8k-3clip,1267,101,0.07971586424625099,0.8517864058808525,0.5292313730217177,0.8957057210147522
linear-ord2-s2/linear_softmax,gastrotheca,44k-1clip,762,14,0.01837270341207349,0.8777661712041922,0.63410833606869,1.0
linear-ord2-s2/linear_softmax,gastrotheca,44k-2clip,2885,124,0.04298093587521664,0.747751451764376,0.565167343857412,0.8523658268314714
linear-ord2-s2/linear_softmax,gastrotheca,8k-3clip,1267,291,0.2296764009471192,0.8866416804978938,0.795487308738859,0.9436500954435411
linear-ord2-s2/linear_softmax,oreobates,44k-1clip,762,101,0.1325459317585302,0.8498549176619784,0.7688719363448467,0.9082141896363913
linear-ord2-s2/linear_softmax,oreobates,44k-2clip,2885,379,0.13136915077989603,0.8221351448967462,0.6997550989357848,0.8962992716538687
linear-ord2-s2/linear_softmax,oreobates,8k-3clip,1267,101,0.07971586424625099,0.715870732246059,0.13074035345473223,0.8777041963388318
linear-bin-s2/attention,gastrotheca,44k-1clip,762,14,0.01837270341207349,0.7959953830178295,0.6835837568394427,0.934770773256218
linear-bin-s2/attention,gastrotheca,44k-2clip,2885,124,0.04298093587521664,0.681883450026714,0.48120151873951883,0.8121712558014845
linear-bin-s2/attention,gastrotheca,8k-3clip,1267,291,0.2296764009471192,0.8811307052976076,0.7859224528949548,0.937633361201963
linear-bin-s2/attention,oreobates,44k-1clip,762,101,0.1325459317585302,0.8606429438484777,0.7935416683832472,0.9042046088317843
linear-bin-s2/attention,oreobates,44k-2clip,2885,379,0.13136915077989603,0.8017059648257133,0.6997301908441267,0.8669877812339749
linear-bin-s2/attention,oreobates,8k-3clip,1267,101,0.07971586424625099,0.7484808730016841,0.43035042982056354,0.8052381243327662
mlp256-bin-s2/linear_softmax,gastrotheca,44k-1clip,762,14,0.01837270341207349,0.8749820798103297,0.6570079756947235,0.968922534928872
mlp256-bin-s2/linear_softmax,gastrotheca,44k-2clip,2885,124,0.04298093587521664,0.6858768889980931,0.4968456611851565,0.8026208000496915
mlp256-bin-s2/linear_softmax,gastrotheca,8k-3clip,1267,291,0.2296764009471192,0.8563013653165287,0.7625010888130092,0.9129817652596515
mlp256-bin-s2/linear_softmax,oreobates,44k-1clip,762,101,0.1325459317585302,0.8335514425051095,0.730986429013914,0.8969501055652167
mlp256-bin-s2/linear_softmax,oreobates,44k-2clip,2885,379,0.13136915077989603,0.7519142187050589,0.6262016048895392,0.8432829654311509
mlp256-bin-s2/linear_softmax,oreobates,8k-3clip,1267,101,0.07971586424625099,0.7560175149009959,0.4510856998629779,0.8397649126272418
baseline/clock,gastrotheca,44k-1clip,762,14,0.01837270341207349,0.02967163734138012,0.008521602384280413,0.06501675581543885
baseline/clock,gastrotheca,44k-2clip,2885,124,0.04298093587521664,0.2645629699972849,0.15241118076517235,0.40976598158586924
baseline/clock,gastrotheca,8k-3clip,1267,291,0.2296764009471192,0.6064614132302732,0.4868448167575692,0.721010143020235
baseline/clock,oreobates,44k-1clip,762,101,0.1325459317585302,0.3459294340988197,0.221498139241541,0.45810509735470023
baseline/clock,oreobates,44k-2clip,2885,379,0.13136915077989603,0.5458483272146109,0.45372365899616507,0.6425374481492425
baseline/clock,oreobates,8k-3clip,1267,101,0.07971586424625099,0.2043224322323752,0.07381057471714236,0.4637314610110643
baseline/zeroshot_congeneric,gastrotheca,44k-1clip,762,14,0.01837270341207349,0.224784716963768,0.05927628137287684,0.5050522481539735
baseline/zeroshot_congeneric,gastrotheca,44k-2clip,2885,124,0.04298093587521664,0.5136094381431898,0.3276119330014419,0.6496512481275493
baseline/zeroshot_congeneric,gastrotheca,8k-3clip,1267,291,0.2296764009471192,0.7885160766721181,0.6807128769269408,0.8572217330896713
baseline/zeroshot_congeneric,oreobates,44k-1clip,762,101,0.1325459317585302,0.11041671900761009,0.077659566760769,0.1472588650102615
baseline/zeroshot_congeneric,oreobates,44k-2clip,2885,379,0.13136915077989603,0.12569948928651833,0.07440867751451095,0.18387031353324337
baseline/zeroshot_congeneric,oreobates,8k-3clip,1267,101,0.07971586424625099,0.06339373651633759,0.01455451890466396,0.14355531085520828
baseline/zeroshot_frog,gastrotheca,44k-1clip,762,14,0.01837270341207349,0.17850349391145365,0.06825475198482828,0.3390487404314705
baseline/zeroshot_frog,gastrotheca,44k-2clip,2885,124,0.04298093587521664,0.3369602676961691,0.2084644979335634,0.4828916490752964
baseline/zeroshot_frog,gastrotheca,8k-3clip,1267,291,0.2296764009471192,0.6383183062895876,0.5431575269285438,0.722956151777282
baseline/zeroshot_frog,oreobates,44k-1clip,762,101,0.1325459317585302,0.36122002194423486,0.2827963130402339,0.4685028072364167
baseline/zeroshot_frog,oreobates,44k-2clip,2885,379,0.13136915077989603,0.36899884041192343,0.20602426534545273,0.541814692921437
baseline/zeroshot_frog,oreobates,8k-3clip,1267,101,0.07971586424625099,0.14944192700751938,0.03370741195976734,0.3413003903566205
