model_id,d_macro,lo,hi,d_gastrotheca,lo,hi,d_oreobates,lo,hi,indistinguishable_from_selected
linear-bin-s2/mean,0.00119887601213442,-0.013197490351597124,0.013747765367925624,0.02336587926724587,0.004361930424192242,0.04067370066151979,-0.02096812724297703,-0.04261941212495644,-0.0021685303407745684,True
linear-ord0.5-s2/lme,-0.0004322755893453323,-0.014189107587652443,0.011785444453866421,0.006207397611408205,-0.01676566380963032,0.02830556874847061,-0.007071948790098759,-0.02463528811464415,0.006291655995690478,True
linear-ord0.25-s2/lme,-0.0005130945005193954,-0.01685142827838059,0.013178296084112048,0.00850799279960468,-0.018538181070348776,0.031014013478790334,-0.009534181800643471,-0.029630699542261364,0.006121677435248959,True
linear-ord0.25-s2/mean,-0.0006478097005691019,-0.01503718585216433,0.011815783794786608,0.022480866035103686,0.005497674208564305,0.03988595398720615,-0.02377648543624178,-0.04671914827400315,-0.004963107976543831,True
linear-ord1-s2/lme,-0.0023084615553801147,-0.015388283448026369,0.009759788854383724,0.0018214787949215605,-0.01980944650469451,0.02413464964783981,-0.006438401905681901,-0.02481956555875283,0.006811106375646261,True
linear-ord0.5-s2/mean,-0.0025944157008116475,-0.017795023154006863,0.010197470297860556,0.020976107030898583,0.0032650085535602725,0.038766500874830086,-0.026164938432521878,-0.05055059691870537,-0.006213397936146082,True
mlp256-ord0.5-s2/attention,-0.003933142051064431,-0.01612929897170968,0.007175355008926937,0.006316372331900522,-0.013368000989380815,0.022677819651355888,-0.014182656434029495,-0.028316021067573763,-0.0017233747500530392,True
linear-ord1-s2/mean,-0.005231484302989919,-0.02147922587322202,0.008987649194544875,0.01865283523128325,-0.0009427723127934134,0.03889585144880154,-0.0291158038372632,-0.055215584853165,-0.008244297467722251,True
linear-ord2-s2/lme,-0.006961860855102975,-0.021113319929554984,0.005671060848143472,-0.0044820912269166735,-0.02804137675915022,0.019595174960241313,-0.009441630483289165,-0.028574793199846966,0.0035670929379937304,True
linear-bin-s2/lme,-0.010004609355630523,-0.031290709508017156,0.007173510095991036,-0.002456242624140681,-0.0383044285361752,0.023147000298299917,-0.017552976087120475,-0.04003709330764586,0.0020795133103441634,True
mlp256-bin-s2/mean,-0.010685582387420123,-0.02486334037154798,0.0028357800938867313,0.01289580874926577,-0.005650176255480144,0.030541164190624585,-0.034266973524106015,-0.05439466503900599,-0.014211661504425543,True
mlp256-ord0.5-s2/max,-0.01077972767485047,-0.02306325255105259,0.00026197645041462137,-0.00875156710058922,-0.027182819160814966,0.009031456745120339,-0.01280788824911172,-0.026460865280171088,-0.001799538290531342,True
linear-ord2-s2/mean,-0.011790826320227321,-0.030165758539105,0.004471784993831163,0.014067218777460977,-0.009293544105974532,0.03717944562690566,-0.03764887141791551,-0.06850843516737824,-0.014755657642994023,True
mlp256-ord0.5-s2/mean,-0.013362028491308742,-0.030703735844720664,0.0015462841685880764,0.015537682828647759,-0.001201843342335118,0.03298728475008855,-0.04226173981126524,-0.0698020906833577,-0.020311318763550985,True
linear-ord0.5-s2/max,-0.020204720169450296,-0.039153494738432604,-0.0029048200540038654,-0.01522520238702929,-0.04879217959125797,0.01313692681208288,-0.025184237951871302,-0.04532684032093597,-0.0070333532465304245,False
mlp256-bin-s2/attention,-0.020952537762120693,-0.03977707380603447,-0.004989120849611609,-0.006736703970771196,-0.03268003690671191,0.013587503850766515,-0.0351683715534703,-0.06186584263954532,-0.013315330159244475,False
linear-ord2-s2/max,-0.024531320063261308,-0.04168357682048826,-0.00898577557390312,-0.024417739568195596,-0.055384094484682386,0.0038109636872810573,-0.02464490055832702,-0.047816169259274496,-0.008589631065048233,False
linear-ord1-s2/max,-0.024773455607996486,-0.04292593254049066,-0.008079048117432538,-0.021560533035607343,-0.053454440255469735,0.007093627647879999,-0.02798637818038563,-0.05124854277751451,-0.010416870843709482,False
linear-ord0.25-s2/linear_softmax,-0.025633768916127675,-0.05312401052093396,-0.0064189693462867025,0.011188251756149126,-0.01041924753792695,0.030686802815724168,-0.062455789588404476,-0.1116904149753744,-0.028726260484312028,False
linear-bin-s2/linear_softmax,-0.02592748913835441,-0.05020456911797084,-0.007894371101258993,0.01296169339985287,-0.007159643099728546,0.030366784438133954,-0.06481667167656169,-0.10899459004497522,-0.032895370087315856,False
mlp256-bin-s2/lme,-0.02678506737550146,-0.04407714312632621,-0.01043695416883576,-0.03518804447217416,-0.06638915067393758,-0.006409657395174343,-0.018382090278828866,-0.031179916543055405,-0.003887611132845815,False
linear-ord0.5-s2/linear_softmax,-0.028554684079883597,-0.05676170932164217,-0.007943215242252324,0.01255600091877529,-0.012921052782425235,0.03363382587434741,-0.0696653690785426,-0.12118067923197685,-0.03375542629205757,False
linear-ord0.25-s2/max,-0.029153161847798925,-0.048073643265085966,-0.011417085672999696,-0.0223897590781702,-0.05546510759160901,0.004313705872606055,-0.03591656461742776,-0.059190922073072846,-0.014196804999298948,False
linear-ord1-s2/attention,-0.031191833834703253,-0.05124623984368311,-0.014681862622887176,-0.009885479259740926,-0.03926643999743357,0.014410809320075438,-0.05249818840966569,-0.07696212341549619,-0.033738179658976124,False
linear-ord0.5-s2/attention,-0.03216895613892157,-0.05236642450237684,-0.014906203082147308,-0.010842708572919024,-0.04064011316914116,0.014651393687203074,-0.053495203704924,-0.07612508830707276,-0.03396127332475713,False
linear-ord2-s2/attention,-0.037268127356607894,-0.05762287710676728,-0.019720020191866035,-0.011265905156279898,-0.04136306216476451,0.014795690315106242,-0.06327034955693589,-0.09218161169409468,-0.04260945954998801,False
linear-ord0.25-s2/attention,-0.03817888202388642,-0.05951998625432298,-0.0198848368347251,-0.014222730268965145,-0.04674824576331852,0.011296321104743363,-0.0621350337788078,-0.08373745403377726,-0.040911540210996425,False
mlp256-bin-s2/max,-0.03874895344836882,-0.05827756376619257,-0.021909019980114835,-0.04596657974945073,-0.08279656726792613,-0.015781162274555477,-0.0315313271472869,-0.046739313796925905,-0.01666464950890403,False
linear-ord1-s2/linear_softmax,-0.03961412885104365,-0.07159231991101712,-0.015761489801687907,0.010490065038482155,-0.01591812308114387,0.03274451219974998,-0.08971832274056946,-0.1492386441022544,-0.04815535474860743,False
mlp256-ord0.5-s2/linear_softmax,-0.04093216157926327,-0.06119353429740883,-0.025710250271453655,-0.015692369896909697,-0.04606804625121693,0.005444757803627271,-0.06617195326161673,-0.09384717701527065,-0.04398857006540503,False
linear-bin-s2/max,-0.04363655702039915,-0.07232839934586771,-0.01888356886295454,-0.037144701568396776,-0.08494431544987527,-0.00331143132121668,-0.05012841247240163,-0.0838050366226789,-0.017396070258222544,False
linear-ord2-s2/linear_softmax,-0.045332738787482896,-0.07784465974341943,-0.019510143315900175,0.008256139854590172,-0.024089173603856075,0.03388549239179823,-0.09892161742955585,-0.16540426833395766,-0.053266418075153546,False
linear-bin-s2/attention,-0.04685485140416423,-0.06844658619497374,-0.028244859209668634,-0.012710374135237568,-0.04145253172909093,0.01036214459710144,-0.0809993286730909,-0.10451663091510963,-0.055679544898831215,False
mlp256-bin-s2/linear_softmax,-0.06554855816935379,-0.08769990116395496,-0.04588104894575617,-0.025941817122044797,-0.04864436083837014,-0.00834876907460905,-0.10515529921666267,-0.14139674749912515,-0.07212709485855423,False
baseline/clock,-0.4112866069488366,-0.4592625858784309,-0.3523855173763363,-0.3791821688622027,-0.44871549609532924,-0.2925526307135357,-0.44339104503547055,-0.5115510269113717,-0.3705007826491303,False
baseline/zeroshot_congeneric,-0.4588437978955816,-0.4904247976588488,-0.4263127084879621,-0.14554373991169844,-0.1958532641861848,-0.1017676865592362,-0.7721438558794648,-0.805905915923843,-0.730403380666065,False
baseline/zeroshot_frog,-0.4983272991608859,-0.5454434912845478,-0.4342070221262284,-0.39568777437949226,-0.46996255249468183,-0.31660704984620686,-0.6009668239422796,-0.6740650454333258,-0.5040379044038501,False
