model_id,species,index,n_pos,ap,lo,hi
linear-bin-s2/lme,gastrotheca,1,5,0.5194194275411314,0.13493387663482914,0.9
linear-bin-s2/lme,gastrotheca,2,6,0.643748773362285,0.20619233072745588,0.9748072562358276
linear-bin-s2/lme,gastrotheca,3,9,0.9591666666666665,0.8416126984126983,1.0
linear-bin-s2/lme,oreobates,1,26,0.3832624281678063,0.23465672805206864,0.5635999121991134
linear-bin-s2/lme,oreobates,2,41,0.7833487521877467,0.6557391248824189,0.8834960099695022
linear-bin-s2/lme,oreobates,3,10,0.8527037921247775,0.6239361472628402,0.9913357142857143
mlp256-bin-s2/lme,gastrotheca,1,5,0.44403257943501845,0.11902524607237361,0.8032105809059986
mlp256-bin-s2/lme,gastrotheca,2,6,0.6377593990205878,0.22558381920897183,0.9517221191506904
mlp256-bin-s2/lme,gastrotheca,3,9,0.9424216524216524,0.8064228914677998,1.0
mlp256-bin-s2/lme,oreobates,1,26,0.37880538472943714,0.23605472094753957,0.5625139076861497
mlp256-bin-s2/lme,oreobates,2,41,0.7939273011813666,0.6833806578055375,0.8893093259806604
mlp256-bin-s2/lme,oreobates,3,10,0.8476214798273622,0.672511740567439,0.9725124596354847
linear-ord0.25-s2/lme,gastrotheca,1,5,0.3282361098702562,0.11167013424747288,0.7184042207792208
linear-ord0.25-s2/lme,gastrotheca,2,6,0.683068196520671,0.26347194466984825,1.0
linear-ord0.25-s2/lme,gastrotheca,3,9,0.9653708020374687,0.8638525911223279,1.0
linear-ord0.25-s2/lme,oreobates,1,26,0.3945061034654325,0.242918669921762,0.5703040285771049
linear-ord0.25-s2/lme,oreobates,2,41,0.7795671187513171,0.6604322892257422,0.8733161286324158
linear-ord0.25-s2/lme,oreobates,3,10,0.751342696724058,0.5256076774590307,0.9228906080925974
linear-bin-s2/max,gastrotheca,1,5,0.37210529255690544,0.13690990161384897,0.7487946428571428
linear-bin-s2/max,gastrotheca,2,6,0.6745096079456941,0.26409971477417415,1.0
linear-bin-s2/max,gastrotheca,3,9,0.939730474681455,0.8092801922633854,1.0
linear-bin-s2/max,oreobates,1,26,0.43913169451257483,0.2702516899782415,0.6261596292449937
linear-bin-s2/max,oreobates,2,41,0.7674946542723611,0.6397099059140334,0.874789771258394
linear-bin-s2/max,oreobates,3,10,0.528478337281781,0.29462404938282144,0.7969373557869934
linear-ord0.25-s2/max,gastrotheca,1,5,0.3069233772080072,0.11686675998757454,0.6634960360972036
linear-ord0.25-s2/max,gastrotheca,2,6,0.686542589229507,0.2666101074000256,1.0
linear-ord0.25-s2/max,gastrotheca,3,9,0.9385991380289627,0.7921910691217967,1.0
linear-ord0.25-s2/max,oreobates,1,26,0.4360942672873846,0.2720818474203455,0.618062210049804
linear-ord0.25-s2/max,oreobates,2,41,0.7748893982268783,0.6549432051976891,0.8701560570754392
linear-ord0.25-s2/max,oreobates,3,10,0.6810411340357463,0.43287071058476023,0.87468898939225
mlp256-bin-s2/max,gastrotheca,1,5,0.38766721709569857,0.11448967297430751,0.7521503754838844
mlp256-bin-s2/max,gastrotheca,2,6,0.634600504582463,0.2249197989073791,0.9597997835497832
mlp256-bin-s2/max,gastrotheca,3,9,0.9525733279066613,0.8311768065268066,1.0
mlp256-bin-s2/max,oreobates,1,26,0.3829520948031909,0.2478504473061767,0.5659485465897651
mlp256-bin-s2/max,oreobates,2,41,0.7464582945378538,0.6235876285969546,0.8534285976710008
mlp256-bin-s2/max,oreobates,3,10,0.7997466999419331,0.6239836309523809,0.9323192420952601
mlp256-bin-s2/mean,gastrotheca,1,5,0.4668695333932672,0.06955121417178851,0.8952380952380953
mlp256-bin-s2/mean,gastrotheca,2,6,0.6404544331460398,0.21540393946451283,0.9969642857142853
mlp256-bin-s2/mean,gastrotheca,3,9,0.9892929292929292,0.9447619047619048,1.0
mlp256-bin-s2/mean,oreobates,1,26,0.32422198606367986,0.18894627511966838,0.487922166956141
mlp256-bin-s2/mean,oreobates,2,41,0.7712991773588161,0.6543662333102095,0.8665898256209577
mlp256-bin-s2/mean,oreobates,3,10,0.9043849802177302,0.7390136062625697,0.9933333333333334
linear-ord0.5-s2/lme,gastrotheca,1,5,0.28647157571862525,0.09102096573631993,0.6739878064194946
linear-ord0.5-s2/lme,gastrotheca,2,6,0.6819136961700842,0.25865318844739743,1.0
linear-ord0.5-s2/lme,gastrotheca,3,9,0.961890948557615,0.8516110972360972,1.0
linear-ord0.5-s2/lme,oreobates,1,26,0.37708054741337754,0.23528322104086968,0.546784063988368
linear-ord0.5-s2/lme,oreobates,2,41,0.753528020778342,0.6283217892850563,0.8559870168208652
linear-ord0.5-s2/lme,oreobates,3,10,0.777480195857782,0.5354036927423573,0.9348511963994419
linear-ord0.5-s2/max,gastrotheca,1,5,0.26226704234462855,0.09769786575431738,0.6126034902597403
linear-ord0.5-s2/max,gastrotheca,2,6,0.6754728492194891,0.2434045673740078,1.0
linear-ord0.5-s2/max,gastrotheca,3,9,0.892218830552164,0.6853947832123279,1.0
linear-ord0.5-s2/max,oreobates,1,26,0.4414102507551327,0.27429032734545006,0.6276550309947467
linear-ord0.5-s2/max,oreobates,2,41,0.7823362873652422,0.6601258643153566,0.8802164421080284
linear-ord0.5-s2/max,oreobates,3,10,0.7279820173325866,0.44521109689417043,0.9281529853423793
linear-bin-s2/mean,gastrotheca,1,5,0.43461014742208687,0.10394414985733864,0.8607142857142857
linear-bin-s2/mean,gastrotheca,2,6,0.6749893414630199,0.2528333333333333,1.0
linear-bin-s2/mean,gastrotheca,3,9,0.9888888888888889,0.9365079365079365,1.0
linear-bin-s2/mean,oreobates,1,26,0.29614814919607335,0.16450768162050614,0.45173565049463654
linear-bin-s2/mean,oreobates,2,41,0.7277534198040668,0.5883409768746446,0.8383295782324478
linear-bin-s2/mean,oreobates,3,10,0.7939616663529707,0.5377018000518,0.9657727272727271
mlp256-ord0.5-s2/lme,gastrotheca,1,5,0.264847690450288,0.08949620248649691,0.6132936507936508
mlp256-ord0.5-s2/lme,gastrotheca,2,6,0.6566706769257105,0.2408269790695869,0.9582076851719707
mlp256-ord0.5-s2/lme,gastrotheca,3,9,0.9388133471466805,0.8252377949004743,1.0
mlp256-ord0.5-s2/lme,oreobates,1,26,0.35134604402953395,0.22185220701906824,0.5221840934768137
mlp256-ord0.5-s2/lme,oreobates,2,41,0.7415825858610292,0.6142654736416168,0.8461717841734857
mlp256-ord0.5-s2/lme,oreobates,3,10,0.8591148960732873,0.6891899830221945,0.960317628586011
linear-ord1-s2/lme,gastrotheca,1,5,0.27834312161513036,0.08804108027175742,0.6448513887365052
linear-ord1-s2/lme,gastrotheca,2,6,0.6756654250329335,0.24196278278026823,1.0
linear-ord1-s2/lme,gastrotheca,3,9,0.9608625941959275,0.8584126623376623,1.0
linear-ord1-s2/lme,oreobates,1,26,0.3494914712131137,0.21747733427672641,0.511860366307355
linear-ord1-s2/lme,oreobates,2,41,0.7312101715743723,0.5988690811545682,0.8401482677279927
linear-ord1-s2/lme,oreobates,3,10,0.7840431975431976,0.5484561413002202,0.9333489784045397
linear-ord0.25-s2/mean,gastrotheca,1,5,0.4623184609535101,0.09626380099633584,0.8798593146380032
linear-ord0.25-s2/mean,gastrotheca,2,6,0.6640046299278353,0.23834405960063149,1.0
linear-ord0.25-s2/mean,gastrotheca,3,9,0.9888888888888889,0.9365079365079365,1.0
linear-ord0.25-s2/mean,oreobates,1,26,0.29531837171623765,0.16725635711664114,0.45023014810793127
linear-ord0.25-s2/mean,oreobates,2,41,0.7074041644935141,0.5688692180391042,0.8220265124415099
linear-ord0.25-s2/mean,oreobates,3,10,0.800240872907921,0.5535449675462262,0.9654743788819875
linear-ord1-s2/max,gastrotheca,1,5,0.25540513665169484,0.08958208917191451,0.6088959696338527
linear-ord1-s2/max,gastrotheca,2,6,0.6624139504484633,0.24144556844057427,0.9800000000000001
linear-ord1-s2/max,gastrotheca,3,9,0.8652479310812644,0.653771351911977,1.0
linear-ord1-s2/max,oreobates,1,26,0.4101240300523317,0.2513569042277573,0.5926513085800141
linear-ord1-s2/max,oreobates,2,41,0.765968028339918,0.6438599638021069,0.8632829511475745
linear-ord1-s2/max,oreobates,3,10,0.7298844571773186,0.47213541183056273,0.9201468841446644
mlp256-ord0.5-s2/mean,gastrotheca,1,5,0.4420261691019938,0.0869678218866344,0.8630112389810819
mlp256-ord0.5-s2/mean,gastrotheca,2,6,0.5930234883140841,0.16516823617355234,0.9939285714285705
mlp256-ord0.5-s2/mean,gastrotheca,3,9,0.9930864197530864,0.9666666666666666,1.0
mlp256-ord0.5-s2/mean,oreobates,1,26,0.3059921921707707,0.17672364325511483,0.4609365444403727
mlp256-ord0.5-s2/mean,oreobates,2,41,0.7378846217121516,0.6067883459605476,0.8390191663312543
mlp256-ord0.5-s2/mean,oreobates,3,10,0.9132946291754342,0.7505485295954045,1.0
linear-ord0.5-s2/mean,gastrotheca,1,5,0.4184945031195113,0.07650378710087245,0.8317254851629852
linear-ord0.5-s2/mean,gastrotheca,2,6,0.6558894647863582,0.2265651972567089,1.0
linear-ord0.5-s2/mean,gastrotheca,3,9,0.9955555555555555,0.9746031746031747,1.0
linear-ord0.5-s2/mean,oreobates,1,26,0.28763612770178615,0.1666875093268322,0.440272132725568
linear-ord0.5-s2/mean,oreobates,2,41,0.6883244208461633,0.547103246206725,0.8056650403559967
linear-ord0.5-s2/mean,oreobates,3,10,0.7723389757817003,0.524414768546691,0.9450168067226891
linear-ord2-s2/lme,gastrotheca,1,5,0.26090309531846784,0.07791247851350522,0.6558925467437854
linear-ord2-s2/lme,gastrotheca,2,6,0.6821250462397346,0.24652647143047007,1.0
linear-ord2-s2/lme,gastrotheca,3,9,0.9621202254535588,0.8669747413319395,1.0
linear-ord2-s2/lme,oreobates,1,26,0.3162444194665146,0.1967845357421652,0.47862625196714853
linear-ord2-s2/lme,oreobates,2,41,0.6989959571773907,0.5629665395335995,0.8203960874495103
linear-ord2-s2/lme,oreobates,3,10,0.7605674434545279,0.515386012228395,0.9268231566820276
mlp256-ord0.5-s2/max,gastrotheca,1,5,0.25503928170594836,0.07817612811738994,0.6126023332478925
mlp256-ord0.5-s2/max,gastrotheca,2,6,0.6140516404714693,0.20999586295839695,0.9465359328171827
mlp256-ord0.5-s2/max,gastrotheca,3,9,0.9294068168577972,0.7969142897738805,1.0
mlp256-ord0.5-s2/max,oreobates,1,26,0.334007820497627,0.21451007651684856,0.508459355372669
mlp256-ord0.5-s2/max,oreobates,2,41,0.7240635648274529,0.5992830638677138,0.8311611090618749
mlp256-ord0.5-s2/max,oreobates,3,10,0.8402514985014985,0.669294211584155,0.9488126673477353
linear-ord1-s2/mean,gastrotheca,1,5,0.39875284016985335,0.09761889728799307,0.8349979644968035
linear-ord1-s2/mean,gastrotheca,2,6,0.6751334149242162,0.2421184648684649,1.0
linear-ord1-s2/mean,gastrotheca,3,9,0.9977777777777778,0.9873015873015873,1.0
linear-ord1-s2/mean,oreobates,1,26,0.2707438565119788,0.1549813995658013,0.4232334654587578
linear-ord1-s2/mean,oreobates,2,41,0.6695813572693468,0.5266640164183933,0.7905284165965203
linear-ord1-s2/mean,oreobates,3,10,0.74674883286648,0.4863567949481374,0.9435671333874457
linear-ord2-s2/max,gastrotheca,1,5,0.23782551881227382,0.07845004801946062,0.5867574166030048
linear-ord2-s2/max,gastrotheca,2,6,0.6426544101685423,0.2362856545959451,0.9667153679653678
linear-ord2-s2/max,gastrotheca,3,9,0.8553707712041045,0.6518501085619434,1.0
linear-ord2-s2/max,oreobates,1,26,0.4106199633402719,0.25377677109276786,0.5949069176923267
linear-ord2-s2/max,oreobates,2,41,0.7618114865757132,0.6369300014676165,0.8635331332036977
linear-ord2-s2/max,oreobates,3,10,0.673203357100416,0.4010875102364784,0.8963920071308001
mlp256-ord0.5-s2/attention,gastrotheca,1,5,0.191066327008997,0.07330996695310905,0.4671963973489782
mlp256-ord0.5-s2/attention,gastrotheca,2,6,0.5564081060654711,0.18878203023820114,0.8961260943665835
mlp256-ord0.5-s2/attention,gastrotheca,3,9,0.9349983966650633,0.818930515311665,1.0
mlp256-ord0.5-s2/attention,oreobates,1,26,0.3551841951624454,0.22819897516074752,0.5281550669426331
mlp256-ord0.5-s2/attention,oreobates,2,41,0.7441061347097853,0.6195479024859258,0.8579465890091067
mlp256-ord0.5-s2/attention,oreobates,3,10,0.7907495282495283,0.5606097314994374,0.949663902813305
mlp256-bin-s2/attention,gastrotheca,1,5,0.1829499795929152,0.04910238197066343,0.47334290812841645
mlp256-bin-s2/attention,gastrotheca,2,6,0.5894361251439291,0.18292756201153548,0.9249534116676973
mlp256-bin-s2/attention,gastrotheca,3,9,0.9488079204745873,0.8326150150962542,1.0
mlp256-bin-s2/attention,oreobates,1,26,0.3601567380371743,0.23351366401626458,0.5450595995835549
mlp256-bin-s2/attention,oreobates,2,41,0.7305663195453264,0.6046000584089313,0.8458018209258529
mlp256-bin-s2/attention,oreobates,3,10,0.7083315755455981,0.48706299486805976,0.8942268154896011
linear-ord2-s2/mean,gastrotheca,1,5,0.2752675518686673,0.051482085199538466,0.7162398671688004
linear-ord2-s2/mean,gastrotheca,2,6,0.6799953206945475,0.252075446741341,1.0
linear-ord2-s2/mean,gastrotheca,3,9,1.0,1.0,1.0
linear-ord2-s2/mean,oreobates,1,26,0.25414315822922007,0.15353979908363574,0.40256376480731043
linear-ord2-s2/mean,oreobates,2,41,0.6455388019937767,0.49879025668145266,0.7744227369824627
linear-ord2-s2/mean,oreobates,3,10,0.7046904925140219,0.43993721916317197,0.9194783550493268
linear-ord0.25-s2/attention,gastrotheca,1,5,0.24202303888311985,0.09086690409018207,0.5695484948279405
linear-ord0.25-s2/attention,gastrotheca,2,6,0.630524670027648,0.24044981846238314,0.951478798978799
linear-ord0.25-s2/attention,gastrotheca,3,9,0.9176615359948693,0.8039230610659183,1.0
linear-ord0.25-s2/attention,oreobates,1,26,0.2799532695452692,0.1785588371608206,0.4244012926687474
linear-ord0.25-s2/attention,oreobates,2,41,0.6585421262997548,0.5255240996733135,0.7789899123509596
linear-ord0.25-s2/attention,oreobates,3,10,0.6248614900451909,0.3591057610607515,0.8459338771815731
mlp256-bin-s2/linear_softmax,gastrotheca,1,5,0.3068866879308056,0.13209492801884107,0.6269663865546218
mlp256-bin-s2/linear_softmax,gastrotheca,2,6,0.6193740917447814,0.20173171332816003,0.9333463203463204
mlp256-bin-s2/linear_softmax,gastrotheca,3,9,0.8909658134167937,0.7229209429257977,1.0
mlp256-bin-s2/linear_softmax,oreobates,1,26,0.39919942499688416,0.26191953137926155,0.5728450727594053
mlp256-bin-s2/linear_softmax,oreobates,2,41,0.5980816381245375,0.474486539028087,0.7361236347912132
mlp256-bin-s2/linear_softmax,oreobates,3,10,0.3322847759685807,0.18478143553815152,0.5651858343361544
linear-ord0.5-s2/attention,gastrotheca,1,5,0.208399102170161,0.047915894674120364,0.5220614169433729
linear-ord0.5-s2/attention,gastrotheca,2,6,0.6547216516103846,0.27703879241942386,0.9686493506493505
linear-ord0.5-s2/attention,gastrotheca,3,9,0.906626398293065,0.7624054292929293,1.0
linear-ord0.5-s2/attention,oreobates,1,26,0.2564583092971334,0.15855847803311587,0.39291143361945347
linear-ord0.5-s2/attention,oreobates,2,41,0.6560062051217583,0.521492456481703,0.7735819373126432
linear-ord0.5-s2/attention,oreobates,3,10,0.6479308487712228,0.3902313608006036,0.8601821732565561
linear-bin-s2/attention,gastrotheca,1,5,0.25799636427394035,0.0883426808423282,0.5970713664855932
linear-bin-s2/attention,gastrotheca,2,6,0.540369251791108,0.17910450897170485,0.912664583487117
linear-bin-s2/attention,gastrotheca,3,9,0.8347160755003893,0.6203908936052058,1.0
linear-bin-s2/attention,oreobates,1,26,0.30016583254726764,0.1832231684695775,0.463282075009507
linear-bin-s2/attention,oreobates,2,41,0.6820380065233242,0.5535144119765197,0.8003457458559053
linear-bin-s2/attention,oreobates,3,10,0.6015071337794342,0.3718073655159253,0.8281639628456868
linear-ord1-s2/attention,gastrotheca,1,5,0.20115757591546757,0.0540770637066642,0.514584696312437
linear-ord1-s2/attention,gastrotheca,2,6,0.6394663895670633,0.26941866411512255,0.9703035714285712
linear-ord1-s2/attention,gastrotheca,3,9,0.8973743540410206,0.7724482426303855,1.0
linear-ord1-s2/attention,oreobates,1,26,0.23586777008102544,0.14765998632312424,0.36851274156659025
linear-ord1-s2/attention,oreobates,2,41,0.6244182520331722,0.4860539338954471,0.7541946108431504
linear-ord1-s2/attention,oreobates,3,10,0.6404227091101126,0.3712970532098254,0.8579759600179663
linear-ord2-s2/attention,gastrotheca,1,5,0.19440071729786315,0.048225474829866645,0.5173065893379145
linear-ord2-s2/attention,gastrotheca,2,6,0.6737596891129425,0.27267277213221963,0.9752380952380953
linear-ord2-s2/attention,gastrotheca,3,9,0.9394705294705294,0.8288379629629631,1.0
linear-ord2-s2/attention,oreobates,1,26,0.19865500990332113,0.12809773628336707,0.32027392697096907
linear-ord2-s2/attention,oreobates,2,41,0.6024579178187537,0.46126706261153483,0.7362232580697391
linear-ord2-s2/attention,oreobates,3,10,0.6186037518914942,0.3857723530286304,0.8258583188124023
mlp256-ord0.5-s2/linear_softmax,gastrotheca,1,5,0.33155397788705704,0.1225529999137336,0.6404118138483463
mlp256-ord0.5-s2/linear_softmax,gastrotheca,2,6,0.5987362859682908,0.18576663197183246,0.9333333333333332
mlp256-ord0.5-s2/linear_softmax,gastrotheca,3,9,0.9597112147112148,0.876027763902764,1.0
mlp256-ord0.5-s2/linear_softmax,oreobates,1,26,0.2875841044510749,0.18711439679100056,0.4346039189370492
mlp256-ord0.5-s2/linear_softmax,oreobates,2,41,0.4882180402190629,0.3835845553006775,0.6275999444696693
mlp256-ord0.5-s2/linear_softmax,oreobates,3,10,0.30438940616649124,0.1593986144016698,0.5293855852005557
linear-bin-s2/linear_softmax,gastrotheca,1,5,0.3444643199118351,0.056232752211918875,0.7549434389140273
linear-bin-s2/linear_softmax,gastrotheca,2,6,0.7340726330125131,0.337987300975464,1.0
linear-bin-s2/linear_softmax,gastrotheca,3,9,1.0,1.0,1.0
linear-bin-s2/linear_softmax,oreobates,1,26,0.1855985452681387,0.12619209876403326,0.2778980439256195
linear-bin-s2/linear_softmax,oreobates,2,41,0.42670057927196775,0.32022301909257345,0.5734978675786083
linear-bin-s2/linear_softmax,oreobates,3,10,0.32501057745062045,0.18344203075792687,0.5692265292981816
linear-ord0.25-s2/linear_softmax,gastrotheca,1,5,0.30383614760475874,0.03735027011699337,0.7256975755333807
linear-ord0.25-s2/linear_softmax,gastrotheca,2,6,0.7376664141242802,0.33866592015227054,1.0
linear-ord0.25-s2/linear_softmax,gastrotheca,3,9,1.0,1.0,1.0
linear-ord0.25-s2/linear_softmax,oreobates,1,26,0.18791527142806458,0.12827609068423942,0.2831833119415533
linear-ord0.25-s2/linear_softmax,oreobates,2,41,0.43486190065165464,0.32774393704885735,0.5835287277919613
linear-ord0.25-s2/linear_softmax,oreobates,3,10,0.34183493362280937,0.1967966165413534,0.5876890426303021
linear-ord0.5-s2/linear_softmax,gastrotheca,1,5,0.2800426127002692,0.02775145643459492,0.7083899551865975
linear-ord0.5-s2/linear_softmax,gastrotheca,2,6,0.7228022128478383,0.3140201980007075,1.0
linear-ord0.5-s2/linear_softmax,gastrotheca,3,9,1.0,1.0,1.0
linear-ord0.5-s2/linear_softmax,oreobates,1,26,0.18873338012064278,0.129636934123208,0.2852110715223431
linear-ord0.5-s2/linear_softmax,oreobates,2,41,0.436056729960416,0.3272977686711459,0.5820137561220781
linear-ord0.5-s2/linear_softmax,oreobates,3,10,0.3462253184807106,0.20127173778602347,0.5915321248196247
linear-ord1-s2/linear_softmax,gastrotheca,1,5,0.20771984307118002,0.02321236695490595,0.6027631486316616
linear-ord1-s2/linear_softmax,gastrotheca,2,6,0.6927484050261462,0.2811552956445458,1.0
linear-ord1-s2/linear_softmax,gastrotheca,3,9,1.0,1.0,1.0
linear-ord1-s2/linear_softmax,oreobates,1,26,0.19617389083848966,0.13288188278424415,0.2970744953060693
linear-ord1-s2/linear_softmax,oreobates,2,41,0.4437690657954856,0.3331232069169731,0.5901921672941327
linear-ord1-s2/linear_softmax,oreobates,3,10,0.35965705526714914,0.20871790627417286,0.6130399134468713
linear-ord2-s2/linear_softmax,gastrotheca,1,5,0.13541548330220787,0.02067141018368812,0.449631026195586
linear-ord2-s2/linear_softmax,gastrotheca,2,6,0.6637253308207465,0.24696407606855314,1.0
linear-ord2-s2/linear_softmax,gastrotheca,3,9,1.0,1.0,1.0
linear-ord2-s2/linear_softmax,oreobates,1,26,0.20015595910535983,0.13792698892392585,0.3028624220611708
linear-ord2-s2/linear_softmax,oreobates,2,41,0.43936880972621567,0.3295714830953438,0.5836201098523093
linear-ord2-s2/linear_softmax,oreobates,3,10,0.3540510853955126,0.20986222458097456,0.6031745133705344
baseline/zeroshot_congeneric,gastrotheca,1,5,0.06949918040037784,0.006340905683010946,0.3804272928482424
baseline/zeroshot_congeneric,gastrotheca,2,6,0.5780025690430315,0.1427775695774613,1.0
baseline/zeroshot_congeneric,gastrotheca,3,9,0.7683794056343076,0.47773809523809524,1.0
baseline/zeroshot_congeneric,oreobates,1,26,0.09776202875717357,0.034098972960162385,0.21944370560168647
baseline/zeroshot_congeneric,oreobates,2,41,0.06060039591232683,0.04341576416721801,0.09177337238435307
baseline/zeroshot_congeneric,oreobates,3,10,0.023989899909965265,0.011648918054526095,0.056649183905736596
baseline/clock,gastrotheca,1,5,0.15937633035334184,0.038461538461538464,0.5
baseline/clock,gastrotheca,2,6,0.08018647679938003,0.017855130590037366,0.35164274316433
baseline/clock,gastrotheca,3,9,0.16343195961437795,0.0551183945240649,0.4054970017063945
baseline/clock,oreobates,1,26,0.14536980019443044,0.09100995361080608,0.23925365442898214
baseline/clock,oreobates,2,41,0.3628718904132837,0.23841766585691127,0.5206012644033029
baseline/clock,oreobates,3,10,0.25222844385887866,0.09227489373549157,0.5705406128382068
baseline/zeroshot_frog,gastrotheca,1,5,0.04004624929537433,0.0045151552327178145,0.2
baseline/zeroshot_frog,gastrotheca,2,6,0.11767883364799664,0.02728985198575015,0.34705477339769364
baseline/zeroshot_frog,gastrotheca,3,9,0.6383496133496134,0.3351147106569901,0.930293209876543
baseline/zeroshot_frog,oreobates,1,26,0.07304589800347486,0.04717087872805677,0.11518245770613798
baseline/zeroshot_frog,oreobates,2,41,0.15440512055215494,0.10601955794334121,0.23339872668172368
baseline/zeroshot_frog,oreobates,3,10,0.18599855166410809,0.08432327438793068,0.41878700314710415
