model_id,d_macro,lo,hi,d_gastrotheca,lo,hi,d_oreobates,lo,hi,indistinguishable_from_best
mlp256-bin-s2/lme,-0.0073085896425594266,-0.027064106213721694,0.012424886057921058,-0.021436636209626214,-0.051631461679406354,0.0050699864739677,0.006819456924507361,-0.01692800657949296,0.03435848903754688,True
linear-ord0.25-s2/lme,-0.010070617686269712,-0.03056318013555549,0.00774024031432307,-0.014453658793408541,-0.05383044354635549,0.016246200389684783,-0.005687576579130882,-0.024780536391464134,0.011540163398141717,True
linear-bin-s2/max,-0.013128963571537366,-0.04597543412823412,0.015081100524344776,-0.015950782382546214,-0.056271347250937284,0.014454595042312772,-0.01030714476052852,-0.060892501412490196,0.03825926245524748,True
linear-ord0.25-s2/max,-0.013488222911206438,-0.043314173295726656,0.010780850688772279,-0.025907450911708763,-0.0733861347753831,0.008573360182040081,-0.001068994910704002,-0.03508927666542061,0.031020095985161814,True
mlp256-bin-s2/max,-0.01627334382221801,-0.04265577762801033,0.011502626431375406,-0.023571916300583085,-0.064666389808199,0.014392613879736275,-0.008974771343852939,-0.04463899578247629,0.029834782298195472,True
mlp256-bin-s2/mean,-0.019065947580231946,-0.05130302935040413,0.012805705416923264,-0.019974998816532974,-0.07012358720609792,0.028634497102057847,-0.018156896343930917,-0.05867594673100143,0.019738527423246003,True
linear-ord0.5-s2/lme,-0.02227359766620496,-0.04699606599380423,0.00034796404396910687,-0.02830097894836392,-0.0768507322916669,0.011267322997621891,-0.016246216384045997,-0.040758857986736466,0.005586453867191972,True
linear-ord0.5-s2/max,-0.02311636314888521,-0.06673184761331005,0.01194228685376312,-0.05185975542949639,-0.13495026938638413,0.00662129883706117,0.00562702913172608,-0.03179966679377605,0.04137462052461741,True
linear-bin-s2/mean,-0.027831660241687373,-0.06276757989155918,0.008242448362146637,-0.0035640479028687944,-0.05026180536692312,0.043945265602662806,-0.05209927258050584,-0.10302818527510872,-0.005914673170087394,True
mlp256-ord0.5-s2/lme,-0.02949612153865555,-0.05609100832067269,-0.003934619112588396,-0.039837271553497144,-0.088389148684914,0.0022526272695915957,-0.019154971523813957,-0.04696649214458063,0.008723289328095981,False
linear-ord1-s2/lme,-0.030216734571984594,-0.05741279149211543,-0.002708285173501338,-0.031465898691641514,-0.0860527424802663,0.011791836347226279,-0.028967570452327673,-0.060889332677149945,-0.0008890736297707397,False
linear-ord0.25-s2/mean,-0.031402483091293454,-0.06553892323967578,0.004326929296600959,-0.004099388643485247,-0.04841193049310521,0.04205635271994338,-0.05870557753910177,-0.11103714377311207,-0.010311279121746552,True
linear-ord1-s2/max,-0.03579546987973825,-0.08392294636027235,0.002387913104608738,-0.06489431089510822,-0.1536620027782056,0.003659732826975048,-0.006696628864368281,-0.03440928268468937,0.01829270867712919,True
mlp256-ord0.5-s2/mean,-0.036508581399230855,-0.07696714366622956,0.0004680621693943695,-0.03871758180897511,-0.10599110943456637,0.020602138342659084,-0.03429958098948671,-0.07942809012070406,0.006877625470369574,True
linear-ord0.5-s2/mean,-0.03951940151623401,-0.07668694550385328,-0.00045609692493984267,-0.012520424929502005,-0.06707564192785957,0.04224648775445686,-0.06651837810296612,-0.12052845519316825,-0.015962399394874344,False
linear-ord2-s2/lme,-0.04126702138418614,-0.0718957036665995,-0.007099736076205082,-0.03450529804552416,-0.0960630974844998,0.017455034219648526,-0.04802874472284813,-0.08859754904124861,-0.011219887725597753,False
mlp256-ord0.5-s2/max,-0.041705221343432464,-0.07355399153540401,-0.012506403909029974,-0.055731604310596206,-0.11037406025219826,-0.011186230064974682,-0.027678838376268722,-0.06779221491232722,0.007668224895238829,False
linear-ord1-s2/mean,-0.04237647993652793,-0.0795687106013967,-0.0007635821673739837,-0.004034820564049135,-0.054739614798554846,0.05288342300640889,-0.08071813930900673,-0.13928121171320823,-0.024308090710965687,False
linear-ord2-s2/max,-0.04530058704796003,-0.09443530371630743,-0.00027708144422976266,-0.07875325148448675,-0.17185381698028604,0.0005434531291957684,-0.011847922611433193,-0.04834101336680968,0.021005391822919068,False
mlp256-ord0.5-s2/attention,-0.051807826418777125,-0.09109713114810304,-0.01629009668242276,-0.08700065722571271,-0.15707831704484437,-0.024638131586318716,-0.016614995611841543,-0.056608375073046294,0.018719850688045478,False
mlp256-bin-s2/attention,-0.052205723359327494,-0.0900960776023682,-0.018863206675251116,-0.07899768030176157,-0.14780197192115574,-0.0226506978296351,-0.025413766416893413,-0.05999707774847224,0.009572779665393277,False
linear-ord2-s2/mean,-0.06234330309630931,-0.10651029924753691,-0.016523882300643257,-0.031460804388351526,-0.10450902490515407,0.036112985902342555,-0.09322580180426698,-0.15659334955647758,-0.033307840716820095,False
linear-ord0.25-s2/attention,-0.07678251562260752,-0.11165681885015813,-0.03848229996092301,-0.062115459759163216,-0.12299862689992966,-0.003920585763925886,-0.09144957148605193,-0.1492625865475923,-0.04034102177452257,False
mlp256-bin-s2/linear_softmax,-0.07776641930177386,-0.12325239908519381,-0.03063423453325682,-0.05194384191272339,-0.119993421527603,0.0026183911664603285,-0.10358899669082422,-0.16815147578330839,-0.030699296633008105,False
linear-ord0.5-s2/attention,-0.0877222717610101,-0.13342671281794893,-0.038465828845437665,-0.07739744496773981,-0.1632445911448026,0.002622349413619198,-0.09804709855428029,-0.15728193250913322,-0.04640531093260895,False
linear-bin-s2/attention,-0.09660979843961182,-0.14566451247865567,-0.044960120375318234,-0.11295266815290483,-0.2059097594116114,-0.023528664570829094,-0.08026692872631869,-0.13263430889101072,-0.03288669053669492,False
linear-ord1-s2/attention,-0.10037164852392177,-0.1447947803638372,-0.04654383020164335,-0.0843185739532476,-0.16654999553937477,-0.0007312858327914044,-0.11642472309459584,-0.18091125939831287,-0.056786680545417814,False
linear-ord2-s2/attention,-0.10609084185585316,-0.14957741191992666,-0.06064320095850824,-0.07030155086352374,-0.15070581826640425,-0.004005588155333408,-0.14188013284818268,-0.20930486687163247,-0.07580785927193298,False
mlp256-ord0.5-s2/linear_softmax,-0.11394270122778394,-0.14716830973575173,-0.06897306976903574,-0.035495415106301054,-0.0902973619035791,0.014861504721177329,-0.19238998734926693,-0.25610588884537255,-0.11638857837366315,False
linear-bin-s2/linear_softmax,-0.14256769133673286,-0.19258443690512125,-0.070468141779877,-0.023823665076178946,-0.10995912540921532,0.061742859139711545,-0.2613117175972868,-0.3359199609792698,-0.16535170217023962,False
linear-ord0.25-s2/linear_softmax,-0.14644722250294084,-0.2015853050862188,-0.07247004555221902,-0.039620889477843035,-0.13783200469900375,0.052477576118359466,-0.25327355552803876,-0.326880684899208,-0.15912029478594886,False
linear-ord0.5-s2/linear_softmax,-0.15386358536929368,-0.2115348980228002,-0.0787941740201331,-0.05608183532834499,-0.16646694479082344,0.04614009215616362,-0.25164533541024225,-0.32527632291893466,-0.15949495436694905,False
linear-ord1-s2/linear_softmax,-0.15735947627926639,-0.2161897529840093,-0.08392710830770383,-0.07280808836889008,-0.1909546492535239,0.029604197139981393,-0.2419108641896428,-0.3156521846701865,-0.14684938777502018,False
linear-ord2-s2/linear_softmax,-0.1687105594354189,-0.22999667239124671,-0.09279391148162756,-0.09425863031000037,-0.21932677970086284,0.01616858842556206,-0.24316248856083744,-0.31650976938692416,-0.15000778918482174,False
baseline/zeroshot_congeneric,-0.4406226326084885,-0.5364212341193763,-0.34224949829492507,-0.2189014439964947,-0.39814229756795205,-0.053740674480983776,-0.6623438212204823,-0.7428001242869522,-0.5589492100630146,False
baseline/clock,-0.4631977426554359,-0.5647594184793043,-0.3252812034088107,-0.588470089474912,-0.7703117800295721,-0.331536110883086,-0.3379253958359599,-0.44107874719111895,-0.22031623295520417,False
baseline/zeroshot_frog,-0.4752883228470047,-0.5640452021801016,-0.3634622679255612,-0.41327992332777735,-0.5932935187586312,-0.20420079031485247,-0.5372967223662319,-0.605624470445844,-0.45026503535457113,False
